year_beg,pom,no_hedge_current,no_hedge_highest,with_hedge_current,rebalanced_current,year_end
1990,0.1,0.13,0.145,0.095,0.097,2000
1990,0.12,0.13,0.145,0.1,0.097,2000
1990,0.14,0.13,0.145,0.11,0.097,2000
1990,0.16,0.13,0.145,0.114,0.097,2000
1990,0.18,0.13,0.145,0.117,0.097,2000
1991,0.1,0.15,0.167,0.107,0.109,2000
1991,0.12,0.15,0.167,0.116,0.109,2000
1991,0.14,0.15,0.167,0.128,0.109,2000
1991,0.16,0.15,0.167,0.13,0.109,2000
1991,0.18,0.15,0.167,0.136,0.109,2000
1992,0.1,0.137,0.155,0.095,0.1,2000
1992,0.12,0.137,0.155,0.106,0.1,2000
1992,0.14,0.137,0.155,0.113,0.1,2000
1992,0.16,0.137,0.155,0.118,0.1,2000
1992,0.18,0.137,0.155,0.119,0.1,2000
1993,0.1,0.149,0.17,0.102,0.109,2000
1993,0.12,0.149,0.17,0.117,0.109,2000
1993,0.14,0.149,0.17,0.125,0.109,2000
1993,0.16,0.149,0.17,0.13,0.109,2000
1993,0.18,0.149,0.17,0.133,0.109,2000
1994,0.1,0.161,0.185,0.105,0.118,2000
1994,0.12,0.161,0.185,0.123,0.118,2000
1994,0.14,0.161,0.185,0.124,0.118,2000
1994,0.16,0.161,0.185,0.131,0.118,2000
1994,0.18,0.161,0.185,0.145,0.118,2000
1995,0.1,0.193,0.222,0.132,0.137,2000
1995,0.12,0.193,0.222,0.144,0.137,2000
1995,0.14,0.193,0.222,0.155,0.137,2000
1995,0.16,0.193,0.222,0.164,0.137,2000
1995,0.18,0.193,0.222,0.171,0.137,2000
1996,0.1,0.163,0.198,0.093,0.117,2000
1996,0.12,0.163,0.198,0.115,0.117,2000
1996,0.14,0.163,0.198,0.126,0.117,2000
1996,0.16,0.163,0.198,0.132,0.117,2000
1996,0.18,0.163,0.198,0.139,0.117,2000
1997,0.1,0.157,0.2,0.08,0.112,2000
1997,0.12,0.157,0.2,0.097,0.112,2000
1997,0.14,0.157,0.2,0.112,0.112,2000
1997,0.16,0.157,0.2,0.106,0.112,2000
1997,0.18,0.157,0.2,0.129,0.112,2000
1998,0.1,0.107,0.162,0.033,0.08,2000
1998,0.12,0.107,0.162,0.051,0.08,2000
1998,0.14,0.107,0.162,0.061,0.08,2000
1998,0.16,0.107,0.162,0.055,0.08,2000
1998,0.18,0.107,0.162,0.057,0.08,2000
1999,0.1,0.037,0.116,-0.038,0.034,2000
1999,0.12,0.037,0.116,-0.018,0.034,2000
1999,0.14,0.037,0.116,-0.018,0.034,2000
1999,0.16,0.037,0.116,-0.004,0.034,2000
1999,0.18,0.037,0.116,-0.002,0.034,2000
1990,0.1,0.104,0.132,0.08,0.081,2001
1990,0.12,0.104,0.132,0.079,0.081,2001
1990,0.14,0.104,0.132,0.092,0.081,2001
1990,0.16,0.104,0.132,0.091,0.081,2001
1990,0.18,0.104,0.132,0.091,0.081,2001
1991,0.1,0.121,0.151,0.09,0.091,2001
1991,0.12,0.121,0.151,0.092,0.091,2001
1991,0.14,0.121,0.151,0.108,0.091,2001
1991,0.16,0.121,0.151,0.107,0.091,2001
1991,0.18,0.121,0.151,0.111,0.091,2001
1992,0.1,0.106,0.139,0.076,0.082,2001
1992,0.12,0.106,0.139,0.083,0.082,2001
1992,0.14,0.106,0.139,0.092,0.082,2001
1992,0.16,0.106,0.139,0.105,0.082,2001
1992,0.18,0.106,0.139,0.103,0.082,2001
1993,0.1,0.114,0.15,0.082,0.088,2001
1993,0.12,0.114,0.15,0.092,0.088,2001
1993,0.14,0.114,0.15,0.098,0.088,2001
1993,0.16,0.114,0.15,0.101,0.088,2001
1993,0.18,0.114,0.15,0.098,0.088,2001
1994,0.1,0.12,0.16,0.08,0.095,2001
1994,0.12,0.12,0.16,0.091,0.095,2001
1994,0.14,0.12,0.16,0.097,0.095,2001
1994,0.16,0.12,0.16,0.109,0.095,2001
1994,0.18,0.12,0.16,0.113,0.095,2001
1995,0.1,0.14,0.187,0.099,0.105,2001
1995,0.12,0.14,0.187,0.103,0.105,2001
1995,0.14,0.14,0.187,0.119,0.105,2001
1995,0.16,0.14,0.187,0.131,0.105,2001
1995,0.18,0.14,0.187,0.127,0.105,2001
1996,0.1,0.108,0.162,0.063,0.083,2001
1996,0.12,0.108,0.162,0.078,0.083,2001
1996,0.14,0.108,0.162,0.09,0.083,2001
1996,0.16,0.108,0.162,0.1,0.083,2001
1996,0.18,0.108,0.162,0.089,0.083,2001
1997,0.1,0.093,0.157,0.033,0.073,2001
1997,0.12,0.093,0.157,0.054,0.073,2001
1997,0.14,0.093,0.157,0.068,0.073,2001
1997,0.16,0.093,0.157,0.08,0.073,2001
1997,0.18,0.093,0.157,0.073,0.073,2001
1998,0.1,0.042,0.119,-0.011,0.039,2001
1998,0.12,0.042,0.119,0.014,0.039,2001
1998,0.14,0.042,0.119,0.027,0.039,2001
1998,0.16,0.042,0.119,0.031,0.039,2001
1998,0.18,0.042,0.119,0.041,0.039,2001
1999,0.1,-0.022,0.076,-0.039,-0.002,2001
1999,0.12,-0.022,0.076,-0.04,-0.002,2001
1999,0.14,-0.022,0.076,-0.046,-0.002,2001
1999,0.16,-0.022,0.076,-0.037,-0.002,2001
1999,0.18,-0.022,0.076,-0.039,-0.002,2001
2000,0.1,-0.112,0.025,-0.109,-0.034,2001
2000,0.12,-0.112,0.025,-0.119,-0.034,2001
2000,0.14,-0.112,0.025,-0.101,-0.034,2001
2000,0.16,-0.112,0.025,-0.109,-0.034,2001
2000,0.18,-0.112,0.025,-0.117,-0.034,2001
1990,0.1,0.072,0.121,0.063,0.063,2002
1990,0.12,0.072,0.121,0.065,0.063,2002
1990,0.14,0.072,0.121,0.081,0.063,2002
1990,0.16,0.072,0.121,0.077,0.063,2002
1990,0.18,0.072,0.121,0.082,0.063,2002
1991,0.1,0.086,0.137,0.068,0.072,2002
1991,0.12,0.086,0.137,0.075,0.072,2002
1991,0.14,0.086,0.137,0.095,0.072,2002
1991,0.16,0.086,0.137,0.092,0.072,2002
1991,0.18,0.086,0.137,0.095,0.072,2002
1992,0.1,0.07,0.125,0.053,0.061,2002
1992,0.12,0.07,0.125,0.068,0.061,2002
1992,0.14,0.07,0.125,0.079,0.061,2002
1992,0.16,0.07,0.125,0.089,0.061,2002
1992,0.18,0.07,0.125,0.088,0.061,2002
1993,0.1,0.073,0.134,0.058,0.064,2002
1993,0.12,0.073,0.134,0.074,0.064,2002
1993,0.14,0.073,0.134,0.078,0.064,2002
1993,0.16,0.073,0.134,0.084,0.064,2002
1993,0.18,0.073,0.134,0.086,0.064,2002
1994,0.1,0.073,0.141,0.051,0.066,2002
1994,0.12,0.073,0.141,0.072,0.066,2002
1994,0.14,0.073,0.141,0.077,0.066,2002
1994,0.16,0.073,0.141,0.091,0.066,2002
1994,0.18,0.073,0.141,0.093,0.066,2002
1995,0.1,0.085,0.162,0.065,0.073,2002
1995,0.12,0.085,0.162,0.077,0.073,2002
1995,0.14,0.085,0.162,0.091,0.073,2002
1995,0.16,0.085,0.162,0.107,0.073,2002
1995,0.18,0.085,0.162,0.101,0.073,2002
1996,0.1,0.051,0.137,0.03,0.05,2002
1996,0.12,0.051,0.137,0.054,0.05,2002
1996,0.14,0.051,0.137,0.071,0.05,2002
1996,0.16,0.051,0.137,0.078,0.05,2002
1996,0.18,0.051,0.137,0.068,0.05,2002
1997,0.1,0.03,0.129,0.013,0.037,2002
1997,0.12,0.03,0.129,0.033,0.037,2002
1997,0.14,0.03,0.129,0.04,0.037,2002
1997,0.16,0.03,0.129,0.052,0.037,2002
1997,0.18,0.03,0.129,0.051,0.037,2002
1998,0.1,-0.02,0.094,-0.024,0.001,2002
1998,0.12,-0.02,0.094,-0.004,0.001,2002
1998,0.14,-0.02,0.094,0.004,0.001,2002
1998,0.16,-0.02,0.094,0.016,0.001,2002
1998,0.18,-0.02,0.094,0.025,0.001,2002
1999,0.1,-0.08,0.056,-0.06,-0.035,2002
1999,0.12,-0.08,0.056,-0.048,-0.035,2002
1999,0.14,-0.08,0.056,-0.047,-0.035,2002
1999,0.16,-0.08,0.056,-0.041,-0.035,2002
1999,0.18,-0.08,0.056,-0.045,-0.035,2002
2000,0.1,-0.155,0.016,-0.111,-0.071,2002
2000,0.12,-0.155,0.016,-0.098,-0.071,2002
2000,0.14,-0.155,0.016,-0.094,-0.071,2002
2000,0.16,-0.155,0.016,-0.09,-0.071,2002
2000,0.18,-0.155,0.016,-0.099,-0.071,2002
2001,0.1,-0.172,0.032,-0.136,-0.105,2002
2001,0.12,-0.172,0.032,-0.149,-0.105,2002
2001,0.14,-0.172,0.032,-0.143,-0.105,2002
2001,0.16,-0.172,0.032,-0.119,-0.105,2002
2001,0.18,-0.172,0.032,-0.127,-0.105,2002
1990,0.1,0.085,0.111,0.073,0.07,2003
1990,0.12,0.085,0.111,0.072,0.07,2003
1990,0.14,0.085,0.111,0.084,0.07,2003
1990,0.16,0.085,0.111,0.081,0.07,2003
1990,0.18,0.085,0.111,0.076,0.07,2003
1991,0.1,0.099,0.126,0.081,0.079,2003
1991,0.12,0.099,0.126,0.083,0.079,2003
1991,0.14,0.099,0.126,0.096,0.079,2003
1991,0.16,0.099,0.126,0.093,0.079,2003
1991,0.18,0.099,0.126,0.099,0.079,2003
1992,0.1,0.085,0.114,0.066,0.069,2003
1992,0.12,0.085,0.114,0.074,0.069,2003
1992,0.14,0.085,0.114,0.083,0.069,2003
1992,0.16,0.085,0.114,0.095,0.069,2003
1992,0.18,0.085,0.114,0.085,0.069,2003
1993,0.1,0.089,0.121,0.073,0.072,2003
1993,0.12,0.089,0.121,0.087,0.072,2003
1993,0.14,0.089,0.121,0.091,0.072,2003
1993,0.16,0.089,0.121,0.086,0.072,2003
1993,0.18,0.089,0.121,0.078,0.072,2003
1994,0.1,0.091,0.126,0.069,0.074,2003
1994,0.12,0.091,0.126,0.079,0.074,2003
1994,0.14,0.091,0.126,0.086,0.074,2003
1994,0.16,0.091,0.126,0.085,0.074,2003
1994,0.18,0.091,0.126,0.095,0.074,2003
1995,0.1,0.103,0.143,0.081,0.082,2003
1995,0.12,0.103,0.143,0.087,0.082,2003
1995,0.14,0.103,0.143,0.101,0.082,2003
1995,0.16,0.103,0.143,0.1,0.082,2003
1995,0.18,0.103,0.143,0.104,0.082,2003
1996,0.1,0.076,0.119,0.054,0.064,2003
1996,0.12,0.076,0.119,0.072,0.064,2003
1996,0.14,0.076,0.119,0.077,0.064,2003
1996,0.16,0.076,0.119,0.074,0.064,2003
1996,0.18,0.076,0.119,0.079,0.064,2003
1997,0.1,0.061,0.11,0.039,0.053,2003
1997,0.12,0.061,0.11,0.047,0.053,2003
1997,0.14,0.061,0.11,0.065,0.053,2003
1997,0.16,0.061,0.11,0.071,0.053,2003
1997,0.18,0.061,0.11,0.065,0.053,2003
1998,0.1,0.022,0.078,0.011,0.024,2003
1998,0.12,0.022,0.078,0.027,0.024,2003
1998,0.14,0.022,0.078,0.033,0.024,2003
1998,0.16,0.022,0.078,0.019,0.024,2003
1998,0.18,0.022,0.078,0.026,0.024,2003
1999,0.1,-0.02,0.045,-0.014,0.002,2003
1999,0.12,-0.02,0.045,-0.005,0.002,2003
1999,0.14,-0.02,0.045,-0.024,0.002,2003
1999,0.16,-0.02,0.045,-0.014,0.002,2003
1999,0.18,-0.02,0.045,-0.011,0.002,2003
2000,0.1,-0.065,0.012,-0.04,-0.02,2003
2000,0.12,-0.065,0.012,-0.049,-0.02,2003
2000,0.14,-0.065,0.012,-0.033,-0.02,2003
2000,0.16,-0.065,0.012,-0.05,-0.02,2003
2000,0.18,-0.065,0.012,-0.047,-0.02,2003
2001,0.1,-0.047,0.021,-0.04,-0.024,2003
2001,0.12,-0.047,0.021,-0.044,-0.024,2003
2001,0.14,-0.047,0.021,-0.049,-0.024,2003
2001,0.16,-0.047,0.021,-0.071,-0.024,2003
2001,0.18,-0.047,0.021,-0.068,-0.024,2003
2002,0.1,-0.019,0.004,-0.019,0.008,2003
2002,0.12,-0.019,0.004,-0.008,0.008,2003
2002,0.14,-0.019,0.004,-0.044,0.008,2003
2002,0.16,-0.019,0.004,-0.041,0.008,2003
2002,0.18,-0.019,0.004,-0.038,0.008,2003
1990,0.1,0.086,0.103,0.074,0.069,2004
1990,0.12,0.086,0.103,0.075,0.069,2004
1990,0.14,0.086,0.103,0.085,0.069,2004
1990,0.16,0.086,0.103,0.082,0.069,2004
1990,0.18,0.086,0.103,0.076,0.069,2004
1991,0.1,0.098,0.116,0.082,0.078,2004
1991,0.12,0.098,0.116,0.085,0.078,2004
1991,0.14,0.098,0.116,0.096,0.078,2004
1991,0.16,0.098,0.116,0.093,0.078,2004
1991,0.18,0.098,0.116,0.098,0.078,2004
1992,0.1,0.085,0.105,0.066,0.068,2004
1992,0.12,0.085,0.105,0.076,0.068,2004
1992,0.14,0.085,0.105,0.084,0.068,2004
1992,0.16,0.085,0.105,0.093,0.068,2004
1992,0.18,0.085,0.105,0.086,0.068,2004
1993,0.1,0.089,0.11,0.074,0.071,2004
1993,0.12,0.089,0.11,0.085,0.071,2004
1993,0.14,0.089,0.11,0.089,0.071,2004
1993,0.16,0.089,0.11,0.087,0.071,2004
1993,0.18,0.089,0.11,0.078,0.071,2004
1994,0.1,0.091,0.114,0.07,0.073,2004
1994,0.12,0.091,0.114,0.081,0.073,2004
1994,0.14,0.091,0.114,0.086,0.073,2004
1994,0.16,0.091,0.114,0.086,0.073,2004
1994,0.18,0.091,0.114,0.094,0.073,2004
1995,0.1,0.102,0.128,0.08,0.08,2004
1995,0.12,0.102,0.128,0.088,0.08,2004
1995,0.14,0.102,0.128,0.1,0.08,2004
1995,0.16,0.102,0.128,0.099,0.08,2004
1995,0.18,0.102,0.128,0.103,0.08,2004
1996,0.1,0.077,0.105,0.055,0.064,2004
1996,0.12,0.077,0.105,0.071,0.064,2004
1996,0.14,0.077,0.105,0.078,0.064,2004
1996,0.16,0.077,0.105,0.076,0.064,2004
1996,0.18,0.077,0.105,0.08,0.064,2004
1997,0.1,0.064,0.095,0.042,0.054,2004
1997,0.12,0.064,0.095,0.053,0.054,2004
1997,0.14,0.064,0.095,0.065,0.054,2004
1997,0.16,0.064,0.095,0.073,0.054,2004
1997,0.18,0.064,0.095,0.068,0.054,2004
1998,0.1,0.032,0.066,0.017,0.029,2004
1998,0.12,0.032,0.066,0.032,0.029,2004
1998,0.14,0.032,0.066,0.038,0.029,2004
1998,0.16,0.032,0.066,0.029,0.029,2004
1998,0.18,0.032,0.066,0.035,0.029,2004
1999,0.1,-0.002,0.037,0.001,0.011,2004
1999,0.12,-0.002,0.037,0.004,0.011,2004
1999,0.14,-0.002,0.037,-0.005,0.011,2004
1999,0.16,-0.002,0.037,0.002,0.011,2004
1999,0.18,-0.002,0.037,0.004,0.011,2004
2000,0.1,-0.036,0.01,-0.022,-0.004,2004
2000,0.12,-0.036,0.01,-0.024,-0.004,2004
2000,0.14,-0.036,0.01,-0.015,-0.004,2004
2000,0.16,-0.036,0.01,-0.025,-0.004,2004
2000,0.18,-0.036,0.01,-0.022,-0.004,2004
2001,0.1,-0.014,0.016,-0.018,-0.003,2004
2001,0.12,-0.014,0.016,-0.012,-0.003,2004
2001,0.14,-0.014,0.016,-0.016,-0.003,2004
2001,0.16,-0.014,0.016,-0.031,-0.003,2004
2001,0.18,-0.014,0.016,-0.03,-0.003,2004
2002,0.1,0.016,0.016,0.004,0.027,2004
2002,0.12,0.016,0.016,0.011,0.027,2004
2002,0.14,0.016,0.016,0.001,0.027,2004
2002,0.16,0.016,0.016,0.002,0.027,2004
2002,0.18,0.016,0.016,0.004,0.027,2004
2003,0.1,0.155,0.155,0.083,0.1,2004
2003,0.12,0.155,0.155,0.092,0.1,2004
2003,0.14,0.155,0.155,0.103,0.1,2004
2003,0.16,0.155,0.155,0.11,0.1,2004
2003,0.18,0.155,0.155,0.125,0.1,2004
1990,0.1,0.082,0.096,0.072,0.067,2005
1990,0.12,0.082,0.096,0.07,0.067,2005
1990,0.14,0.082,0.096,0.081,0.067,2005
1990,0.16,0.082,0.096,0.079,0.067,2005
1990,0.18,0.082,0.096,0.073,0.067,2005
1991,0.1,0.094,0.108,0.079,0.075,2005
1991,0.12,0.094,0.108,0.079,0.075,2005
1991,0.14,0.094,0.108,0.092,0.075,2005
1991,0.16,0.094,0.108,0.089,0.075,2005
1991,0.18,0.094,0.108,0.093,0.075,2005
1992,0.1,0.081,0.097,0.062,0.065,2005
1992,0.12,0.081,0.097,0.072,0.065,2005
1992,0.14,0.081,0.097,0.08,0.065,2005
1992,0.16,0.081,0.097,0.088,0.065,2005
1992,0.18,0.081,0.097,0.082,0.065,2005
1993,0.1,0.084,0.101,0.071,0.068,2005
1993,0.12,0.084,0.101,0.081,0.068,2005
1993,0.14,0.084,0.101,0.084,0.068,2005
1993,0.16,0.084,0.101,0.082,0.068,2005
1993,0.18,0.084,0.101,0.074,0.068,2005
1994,0.1,0.086,0.104,0.064,0.069,2005
1994,0.12,0.086,0.104,0.075,0.069,2005
1994,0.14,0.086,0.104,0.08,0.069,2005
1994,0.16,0.086,0.104,0.081,0.069,2005
1994,0.18,0.086,0.104,0.088,0.069,2005
1995,0.1,0.095,0.116,0.073,0.075,2005
1995,0.12,0.095,0.116,0.081,0.075,2005
1995,0.14,0.095,0.116,0.092,0.075,2005
1995,0.16,0.095,0.116,0.093,0.075,2005
1995,0.18,0.095,0.116,0.096,0.075,2005
1996,0.1,0.072,0.094,0.051,0.061,2005
1996,0.12,0.072,0.094,0.067,0.061,2005
1996,0.14,0.072,0.094,0.073,0.061,2005
1996,0.16,0.072,0.094,0.071,0.061,2005
1996,0.18,0.072,0.094,0.075,0.061,2005
1997,0.1,0.06,0.084,0.038,0.052,2005
1997,0.12,0.06,0.084,0.049,0.052,2005
1997,0.14,0.06,0.084,0.061,0.052,2005
1997,0.16,0.06,0.084,0.067,0.052,2005
1997,0.18,0.06,0.084,0.063,0.052,2005
1998,0.1,0.031,0.058,0.016,0.029,2005
1998,0.12,0.031,0.058,0.032,0.029,2005
1998,0.14,0.031,0.058,0.037,0.029,2005
1998,0.16,0.031,0.058,0.029,0.029,2005
1998,0.18,0.031,0.058,0.034,0.029,2005
1999,0.1,0.002,0.032,0.005,0.014,2005
1999,0.12,0.002,0.032,0.008,0.014,2005
1999,0.14,0.002,0.032,-0.0,0.014,2005
1999,0.16,0.002,0.032,0.006,0.014,2005
1999,0.18,0.002,0.032,0.008,0.014,2005
2000,0.1,-0.025,0.008,-0.017,0.001,2005
2000,0.12,-0.025,0.008,-0.018,0.001,2005
2000,0.14,-0.025,0.008,-0.008,0.001,2005
2000,0.16,-0.025,0.008,-0.016,0.001,2005
2000,0.18,-0.025,0.008,-0.014,0.001,2005
2001,0.1,-0.006,0.013,-0.013,0.004,2005
2001,0.12,-0.006,0.013,-0.008,0.004,2005
2001,0.14,-0.006,0.013,-0.009,0.004,2005
2001,0.16,-0.006,0.013,-0.019,0.004,2005
2001,0.18,-0.006,0.013,-0.018,0.004,2005
2002,0.1,0.02,0.025,0.005,0.028,2005
2002,0.12,0.02,0.025,0.012,0.028,2005
2002,0.14,0.02,0.025,0.008,0.028,2005
2002,0.16,0.02,0.025,0.009,0.028,2005
2002,0.18,0.02,0.025,0.011,0.028,2005
2003,0.1,0.112,0.119,0.066,0.075,2005
2003,0.12,0.112,0.119,0.066,0.075,2005
2003,0.14,0.112,0.119,0.079,0.075,2005
2003,0.16,0.112,0.119,0.084,0.075,2005
2003,0.18,0.112,0.119,0.089,0.075,2005
2004,0.1,0.061,0.072,0.034,0.041,2005
2004,0.12,0.061,0.072,0.032,0.041,2005
2004,0.14,0.061,0.072,0.038,0.041,2005
2004,0.16,0.061,0.072,0.041,0.041,2005
2004,0.18,0.061,0.072,0.044,0.041,2005
1990,0.1,0.085,0.09,0.075,0.069,2006
1990,0.12,0.085,0.09,0.074,0.069,2006
1990,0.14,0.085,0.09,0.084,0.069,2006
1990,0.16,0.085,0.09,0.082,0.069,2006
1990,0.18,0.085,0.09,0.078,0.069,2006
1991,0.1,0.096,0.101,0.082,0.076,2006
1991,0.12,0.096,0.101,0.083,0.076,2006
1991,0.14,0.096,0.101,0.094,0.076,2006
1991,0.16,0.096,0.101,0.092,0.076,2006
1991,0.18,0.096,0.101,0.095,0.076,2006
1992,0.1,0.085,0.09,0.069,0.068,2006
1992,0.12,0.085,0.09,0.076,0.068,2006
1992,0.14,0.085,0.09,0.083,0.068,2006
1992,0.16,0.085,0.09,0.09,0.068,2006
1992,0.18,0.085,0.09,0.085,0.068,2006
1993,0.1,0.088,0.094,0.075,0.07,2006
1993,0.12,0.088,0.094,0.083,0.07,2006
1993,0.14,0.088,0.094,0.087,0.07,2006
1993,0.16,0.088,0.094,0.085,0.07,2006
1993,0.18,0.088,0.094,0.08,0.07,2006
1994,0.1,0.09,0.096,0.072,0.071,2006
1994,0.12,0.09,0.096,0.08,0.071,2006
1994,0.14,0.09,0.096,0.084,0.071,2006
1994,0.16,0.09,0.096,0.086,0.071,2006
1994,0.18,0.09,0.096,0.091,0.071,2006
1995,0.1,0.099,0.105,0.08,0.077,2006
1995,0.12,0.099,0.105,0.086,0.077,2006
1995,0.14,0.099,0.105,0.095,0.077,2006
1995,0.16,0.099,0.105,0.096,0.077,2006
1995,0.18,0.099,0.105,0.098,0.077,2006
1996,0.1,0.078,0.085,0.06,0.064,2006
1996,0.12,0.078,0.085,0.072,0.064,2006
1996,0.14,0.078,0.085,0.078,0.064,2006
1996,0.16,0.078,0.085,0.077,0.064,2006
1996,0.18,0.078,0.085,0.079,0.064,2006
1997,0.1,0.068,0.076,0.049,0.056,2006
1997,0.12,0.068,0.076,0.057,0.056,2006
1997,0.14,0.068,0.076,0.067,0.056,2006
1997,0.16,0.068,0.076,0.073,0.056,2006
1997,0.18,0.068,0.076,0.069,0.056,2006
1998,0.1,0.043,0.051,0.029,0.036,2006
1998,0.12,0.043,0.051,0.041,0.036,2006
1998,0.14,0.043,0.051,0.045,0.036,2006
1998,0.16,0.043,0.051,0.041,0.036,2006
1998,0.18,0.043,0.051,0.045,0.036,2006
1999,0.1,0.018,0.028,0.016,0.025,2006
1999,0.12,0.018,0.028,0.02,0.025,2006
1999,0.14,0.018,0.028,0.014,0.025,2006
1999,0.16,0.018,0.028,0.02,0.025,2006
1999,0.18,0.018,0.028,0.021,0.025,2006
2000,0.1,-0.004,0.007,0.002,0.014,2006
2000,0.12,-0.004,0.007,-0.0,0.014,2006
2000,0.14,-0.004,0.007,0.008,0.014,2006
2000,0.16,-0.004,0.007,0.002,0.014,2006
2000,0.18,-0.004,0.007,0.004,0.014,2006
2001,0.1,0.017,0.017,0.007,0.019,2006
2001,0.12,0.017,0.017,0.012,0.019,2006
2001,0.14,0.017,0.017,0.012,0.019,2006
2001,0.16,0.017,0.017,0.007,0.019,2006
2001,0.18,0.017,0.017,0.008,0.019,2006
2002,0.1,0.042,0.043,0.027,0.041,2006
2002,0.12,0.042,0.043,0.035,0.041,2006
2002,0.14,0.042,0.043,0.031,0.041,2006
2002,0.16,0.042,0.043,0.032,0.041,2006
2002,0.18,0.042,0.043,0.034,0.041,2006
2003,0.1,0.118,0.119,0.081,0.082,2006
2003,0.12,0.118,0.119,0.082,0.082,2006
2003,0.14,0.118,0.119,0.092,0.082,2006
2003,0.16,0.118,0.119,0.096,0.082,2006
2003,0.18,0.118,0.119,0.103,0.082,2006
2004,0.1,0.086,0.087,0.061,0.059,2006
2004,0.12,0.086,0.087,0.061,0.059,2006
2004,0.14,0.086,0.087,0.066,0.059,2006
2004,0.16,0.086,0.087,0.074,0.059,2006
2004,0.18,0.086,0.087,0.076,0.059,2006
2005,0.1,0.087,0.088,0.06,0.068,2006
2005,0.12,0.087,0.088,0.065,0.068,2006
2005,0.14,0.087,0.088,0.068,0.068,2006
2005,0.16,0.087,0.088,0.072,0.068,2006
2005,0.18,0.087,0.088,0.075,0.068,2006
1990,0.1,0.082,0.086,0.072,0.067,2007
1990,0.12,0.082,0.086,0.071,0.067,2007
1990,0.14,0.082,0.086,0.08,0.067,2007
1990,0.16,0.082,0.086,0.078,0.067,2007
1990,0.18,0.082,0.086,0.076,0.067,2007
1991,0.1,0.092,0.096,0.078,0.073,2007
1991,0.12,0.092,0.096,0.079,0.073,2007
1991,0.14,0.092,0.096,0.089,0.073,2007
1991,0.16,0.092,0.096,0.088,0.073,2007
1991,0.18,0.092,0.096,0.092,0.073,2007
1992,0.1,0.082,0.086,0.065,0.066,2007
1992,0.12,0.082,0.086,0.072,0.066,2007
1992,0.14,0.082,0.086,0.079,0.066,2007
1992,0.16,0.082,0.086,0.086,0.066,2007
1992,0.18,0.082,0.086,0.081,0.066,2007
1993,0.1,0.084,0.089,0.07,0.068,2007
1993,0.12,0.084,0.089,0.08,0.068,2007
1993,0.14,0.084,0.089,0.082,0.068,2007
1993,0.16,0.084,0.089,0.081,0.068,2007
1993,0.18,0.084,0.089,0.077,0.068,2007
1994,0.1,0.086,0.09,0.067,0.069,2007
1994,0.12,0.086,0.09,0.075,0.069,2007
1994,0.14,0.086,0.09,0.081,0.069,2007
1994,0.16,0.086,0.09,0.082,0.069,2007
1994,0.18,0.086,0.09,0.087,0.069,2007
1995,0.1,0.094,0.098,0.075,0.074,2007
1995,0.12,0.094,0.098,0.08,0.074,2007
1995,0.14,0.094,0.098,0.09,0.074,2007
1995,0.16,0.094,0.098,0.091,0.074,2007
1995,0.18,0.094,0.098,0.093,0.074,2007
1996,0.1,0.074,0.079,0.056,0.062,2007
1996,0.12,0.074,0.079,0.068,0.062,2007
1996,0.14,0.074,0.079,0.073,0.062,2007
1996,0.16,0.074,0.079,0.073,0.062,2007
1996,0.18,0.074,0.079,0.073,0.062,2007
1997,0.1,0.065,0.07,0.046,0.054,2007
1997,0.12,0.065,0.07,0.053,0.054,2007
1997,0.14,0.065,0.07,0.062,0.054,2007
1997,0.16,0.065,0.07,0.068,0.054,2007
1997,0.18,0.065,0.07,0.066,0.054,2007
1998,0.1,0.042,0.048,0.028,0.036,2007
1998,0.12,0.042,0.048,0.039,0.036,2007
1998,0.14,0.042,0.048,0.042,0.036,2007
1998,0.16,0.042,0.048,0.039,0.036,2007
1998,0.18,0.042,0.048,0.042,0.036,2007
1999,0.1,0.02,0.027,0.016,0.026,2007
1999,0.12,0.02,0.027,0.021,0.026,2007
1999,0.14,0.02,0.027,0.015,0.026,2007
1999,0.16,0.02,0.027,0.017,0.026,2007
1999,0.18,0.02,0.027,0.023,0.026,2007
2000,0.1,0.001,0.008,0.003,0.017,2007
2000,0.12,0.001,0.008,0.002,0.017,2007
2000,0.14,0.001,0.008,0.009,0.017,2007
2000,0.16,0.001,0.008,0.006,0.017,2007
2000,0.18,0.001,0.008,0.007,0.017,2007
2001,0.1,0.019,0.028,0.008,0.022,2007
2001,0.12,0.019,0.028,0.012,0.022,2007
2001,0.14,0.019,0.028,0.016,0.022,2007
2001,0.16,0.019,0.028,0.01,0.022,2007
2001,0.18,0.019,0.028,0.01,0.022,2007
2002,0.1,0.041,0.051,0.025,0.04,2007
2002,0.12,0.041,0.051,0.031,0.04,2007
2002,0.14,0.041,0.051,0.029,0.04,2007
2002,0.16,0.041,0.051,0.029,0.04,2007
2002,0.18,0.041,0.051,0.03,0.04,2007
2003,0.1,0.101,0.113,0.07,0.072,2007
2003,0.12,0.101,0.113,0.073,0.072,2007
2003,0.14,0.101,0.113,0.078,0.072,2007
2003,0.16,0.101,0.113,0.084,0.072,2007
2003,0.18,0.101,0.113,0.087,0.072,2007
2004,0.1,0.073,0.088,0.051,0.053,2007
2004,0.12,0.073,0.088,0.05,0.053,2007
2004,0.14,0.073,0.088,0.059,0.053,2007
2004,0.16,0.073,0.088,0.062,0.053,2007
2004,0.18,0.073,0.088,0.062,0.053,2007
2005,0.1,0.069,0.09,0.048,0.057,2007
2005,0.12,0.069,0.09,0.049,0.057,2007
2005,0.14,0.069,0.09,0.051,0.057,2007
2005,0.16,0.069,0.09,0.06,0.057,2007
2005,0.18,0.069,0.09,0.061,0.057,2007
2006,0.1,0.076,0.107,0.049,0.058,2007
2006,0.12,0.076,0.107,0.052,0.058,2007
2006,0.14,0.076,0.107,0.064,0.058,2007
2006,0.16,0.076,0.107,0.065,0.058,2007
2006,0.18,0.076,0.107,0.068,0.058,2007
1990,0.1,0.05,0.081,0.047,0.046,2008
1990,0.12,0.05,0.081,0.049,0.046,2008
1990,0.14,0.05,0.081,0.056,0.046,2008
1990,0.16,0.05,0.081,0.057,0.046,2008
1990,0.18,0.05,0.081,0.044,0.046,2008
1991,0.1,0.058,0.091,0.063,0.053,2008
1991,0.12,0.058,0.091,0.055,0.053,2008
1991,0.14,0.058,0.091,0.065,0.053,2008
1991,0.16,0.058,0.091,0.062,0.053,2008
1991,0.18,0.058,0.091,0.062,0.053,2008
1992,0.1,0.046,0.08,0.04,0.043,2008
1992,0.12,0.046,0.08,0.05,0.043,2008
1992,0.14,0.046,0.08,0.053,0.043,2008
1992,0.16,0.046,0.08,0.061,0.043,2008
1992,0.18,0.046,0.08,0.059,0.043,2008
1993,0.1,0.047,0.083,0.055,0.044,2008
1993,0.12,0.047,0.083,0.052,0.044,2008
1993,0.14,0.047,0.083,0.059,0.044,2008
1993,0.16,0.047,0.083,0.064,0.044,2008
1993,0.18,0.047,0.083,0.04,0.044,2008
1994,0.1,0.045,0.084,0.039,0.045,2008
1994,0.12,0.045,0.084,0.049,0.045,2008
1994,0.14,0.045,0.084,0.049,0.045,2008
1994,0.16,0.045,0.084,0.053,0.045,2008
1994,0.18,0.045,0.084,0.054,0.045,2008
1995,0.1,0.05,0.091,0.043,0.046,2008
1995,0.12,0.05,0.091,0.05,0.046,2008
1995,0.14,0.05,0.091,0.055,0.046,2008
1995,0.16,0.05,0.091,0.059,0.046,2008
1995,0.18,0.05,0.091,0.056,0.046,2008
1996,0.1,0.029,0.073,0.025,0.036,2008
1996,0.12,0.029,0.073,0.036,0.036,2008
1996,0.14,0.029,0.073,0.04,0.036,2008
1996,0.16,0.029,0.073,0.041,0.036,2008
1996,0.18,0.029,0.073,0.055,0.036,2008
1997,0.1,0.017,0.064,0.013,0.024,2008
1997,0.12,0.017,0.064,0.025,0.024,2008
1997,0.14,0.017,0.064,0.034,0.024,2008
1997,0.16,0.017,0.064,0.035,0.024,2008
1997,0.18,0.017,0.064,0.024,0.024,2008
1998,0.1,-0.007,0.043,-0.004,0.008,2008
1998,0.12,-0.007,0.043,0.006,0.008,2008
1998,0.14,-0.007,0.043,0.017,0.008,2008
1998,0.16,-0.007,0.043,0.006,0.008,2008
1998,0.18,-0.007,0.043,0.013,0.008,2008
1999,0.1,-0.03,0.024,-0.003,-0.007,2008
1999,0.12,-0.03,0.024,-0.011,-0.007,2008
1999,0.14,-0.03,0.024,-0.013,-0.007,2008
1999,0.16,-0.03,0.024,-0.002,-0.007,2008
1999,0.18,-0.03,0.024,-0.019,-0.007,2008
2000,0.1,-0.052,0.007,-0.026,-0.015,2008
2000,0.12,-0.052,0.007,-0.025,-0.015,2008
2000,0.14,-0.052,0.007,-0.008,-0.015,2008
2000,0.16,-0.052,0.007,-0.032,-0.015,2008
2000,0.18,-0.052,0.007,-0.035,-0.015,2008
2001,0.1,-0.043,0.024,-0.03,-0.013,2008
2001,0.12,-0.043,0.024,-0.023,-0.013,2008
2001,0.14,-0.043,0.024,-0.032,-0.013,2008
2001,0.16,-0.043,0.024,-0.036,-0.013,2008
2001,0.18,-0.043,0.024,-0.027,-0.013,2008
2002,0.1,-0.034,0.043,-0.022,-0.005,2008
2002,0.12,-0.034,0.043,0.006,-0.005,2008
2002,0.14,-0.034,0.043,-0.024,-0.005,2008
2002,0.16,-0.034,0.043,-0.019,-0.005,2008
2002,0.18,-0.034,0.043,-0.011,-0.005,2008
2003,0.1,-0.001,0.094,-0.003,0.008,2008
2003,0.12,-0.001,0.094,-0.003,0.008,2008
2003,0.14,-0.001,0.094,0.013,0.008,2008
2003,0.16,-0.001,0.094,0.002,0.008,2008
2003,0.18,-0.001,0.094,0.019,0.008,2008
2004,0.1,-0.04,0.07,-0.026,-0.012,2008
2004,0.12,-0.04,0.07,-0.018,-0.012,2008
2004,0.14,-0.04,0.07,-0.029,-0.012,2008
2004,0.16,-0.04,0.07,-0.021,-0.012,2008
2004,0.18,-0.04,0.07,-0.011,-0.012,2008
2005,0.1,-0.069,0.066,-0.045,-0.025,2008
2005,0.12,-0.069,0.066,-0.041,-0.025,2008
2005,0.14,-0.069,0.066,-0.028,-0.025,2008
2005,0.16,-0.069,0.066,-0.043,-0.025,2008
2005,0.18,-0.069,0.066,-0.057,-0.025,2008
2006,0.1,-0.107,0.07,-0.061,-0.05,2008
2006,0.12,-0.107,0.07,-0.021,-0.05,2008
2006,0.14,-0.107,0.07,-0.075,-0.05,2008
2006,0.16,-0.107,0.07,-0.065,-0.05,2008
2006,0.18,-0.107,0.07,-0.051,-0.05,2008
2007,0.1,-0.202,0.048,-0.093,-0.106,2008
2007,0.12,-0.202,0.048,-0.082,-0.106,2008
2007,0.14,-0.202,0.048,-0.172,-0.106,2008
2007,0.16,-0.202,0.048,-0.142,-0.106,2008
2007,0.18,-0.202,0.048,-0.174,-0.106,2008
1990,0.1,0.058,0.077,0.053,0.053,2009
1990,0.12,0.058,0.077,0.058,0.053,2009
1990,0.14,0.058,0.077,0.064,0.053,2009
1990,0.16,0.058,0.077,0.063,0.053,2009
1990,0.18,0.058,0.077,0.052,0.053,2009
1991,0.1,0.067,0.086,0.063,0.058,2009
1991,0.12,0.067,0.086,0.064,0.058,2009
1991,0.14,0.067,0.086,0.072,0.058,2009
1991,0.16,0.067,0.086,0.07,0.058,2009
1991,0.18,0.067,0.086,0.068,0.058,2009
1992,0.1,0.056,0.076,0.047,0.051,2009
1992,0.12,0.056,0.076,0.058,0.051,2009
1992,0.14,0.056,0.076,0.062,0.051,2009
1992,0.16,0.056,0.076,0.068,0.051,2009
1992,0.18,0.056,0.076,0.067,0.051,2009
1993,0.1,0.057,0.078,0.056,0.052,2009
1993,0.12,0.057,0.078,0.059,0.052,2009
1993,0.14,0.057,0.078,0.065,0.052,2009
1993,0.16,0.057,0.078,0.072,0.052,2009
1993,0.18,0.057,0.078,0.05,0.052,2009
1994,0.1,0.056,0.078,0.047,0.051,2009
1994,0.12,0.056,0.078,0.059,0.051,2009
1994,0.14,0.056,0.078,0.06,0.051,2009
1994,0.16,0.056,0.078,0.061,0.051,2009
1994,0.18,0.056,0.078,0.059,0.051,2009
1995,0.1,0.061,0.085,0.052,0.055,2009
1995,0.12,0.061,0.085,0.062,0.055,2009
1995,0.14,0.061,0.085,0.067,0.055,2009
1995,0.16,0.061,0.085,0.068,0.055,2009
1995,0.18,0.061,0.085,0.063,0.055,2009
1996,0.1,0.043,0.068,0.035,0.043,2009
1996,0.12,0.043,0.068,0.046,0.043,2009
1996,0.14,0.043,0.068,0.052,0.043,2009
1996,0.16,0.043,0.068,0.051,0.043,2009
1996,0.18,0.043,0.068,0.061,0.043,2009
1997,0.1,0.032,0.059,0.025,0.035,2009
1997,0.12,0.032,0.059,0.038,0.035,2009
1997,0.14,0.032,0.059,0.044,0.035,2009
1997,0.16,0.032,0.059,0.046,0.035,2009
1997,0.18,0.032,0.059,0.036,0.035,2009
1998,0.1,0.011,0.04,0.009,0.018,2009
1998,0.12,0.011,0.04,0.019,0.018,2009
1998,0.14,0.011,0.04,0.027,0.018,2009
1998,0.16,0.011,0.04,0.02,0.018,2009
1998,0.18,0.011,0.04,0.027,0.018,2009
1999,0.1,-0.009,0.022,0.002,0.009,2009
1999,0.12,-0.009,0.022,0.004,0.009,2009
1999,0.14,-0.009,0.022,0.003,0.009,2009
1999,0.16,-0.009,0.022,0.015,0.009,2009
1999,0.18,-0.009,0.022,-0.004,0.009,2009
2000,0.1,-0.026,0.007,-0.011,0.001,2009
2000,0.12,-0.026,0.007,-0.007,0.001,2009
2000,0.14,-0.026,0.007,0.007,0.001,2009
2000,0.16,-0.026,0.007,-0.01,0.001,2009
2000,0.18,-0.026,0.007,-0.017,0.001,2009
2001,0.1,-0.015,0.022,-0.011,0.002,2009
2001,0.12,-0.015,0.022,-0.001,0.002,2009
2001,0.14,-0.015,0.022,-0.004,0.002,2009
2001,0.16,-0.015,0.022,-0.01,0.002,2009
2001,0.18,-0.015,0.022,-0.001,0.002,2009
2002,0.1,-0.004,0.038,-0.001,0.012,2009
2002,0.12,-0.004,0.038,0.023,0.012,2009
2002,0.14,-0.004,0.038,0.004,0.012,2009
2002,0.16,-0.004,0.038,0.005,0.012,2009
2002,0.18,-0.004,0.038,0.01,0.012,2009
2003,0.1,0.03,0.08,0.017,0.032,2009
2003,0.12,0.03,0.08,0.025,0.032,2009
2003,0.14,0.03,0.08,0.038,0.032,2009
2003,0.16,0.03,0.08,0.035,0.032,2009
2003,0.18,0.03,0.08,0.049,0.032,2009
2004,0.1,0.001,0.058,0.0,0.013,2009
2004,0.12,0.001,0.058,0.017,0.013,2009
2004,0.14,0.001,0.058,0.014,0.013,2009
2004,0.16,0.001,0.058,0.014,0.013,2009
2004,0.18,0.001,0.058,0.023,0.013,2009
2005,0.1,-0.015,0.053,-0.011,0.006,2009
2005,0.12,-0.015,0.053,-0.0,0.006,2009
2005,0.14,-0.015,0.053,0.009,0.006,2009
2005,0.16,-0.015,0.053,0.003,0.006,2009
2005,0.18,-0.015,0.053,-0.015,0.006,2009
2006,0.1,-0.032,0.052,-0.013,-0.006,2009
2006,0.12,-0.032,0.052,0.023,-0.006,2009
2006,0.14,-0.032,0.052,-0.005,-0.006,2009
2006,0.16,-0.032,0.052,-0.006,-0.006,2009
2006,0.18,-0.032,0.052,0.013,-0.006,2009
2007,0.1,-0.077,0.031,-0.048,-0.03,2009
2007,0.12,-0.077,0.031,-0.005,-0.03,2009
2007,0.14,-0.077,0.031,-0.058,-0.03,2009
2007,0.16,-0.077,0.031,-0.04,-0.03,2009
2007,0.18,-0.077,0.031,-0.073,-0.03,2009
2008,0.1,-0.122,0.0,-0.093,-0.057,2009
2008,0.12,-0.122,0.0,-0.062,-0.057,2009
2008,0.14,-0.122,0.0,-0.046,-0.057,2009
2008,0.16,-0.122,0.0,-0.047,-0.057,2009
2008,0.18,-0.122,0.0,-0.083,-0.057,2009
1990,0.1,0.062,0.073,0.055,0.054,2010
1990,0.12,0.062,0.073,0.06,0.054,2010
1990,0.14,0.062,0.073,0.065,0.054,2010
1990,0.16,0.062,0.073,0.065,0.054,2010
1990,0.18,0.062,0.073,0.057,0.054,2010
1991,0.1,0.07,0.081,0.066,0.059,2010
1991,0.12,0.07,0.081,0.066,0.059,2010
1991,0.14,0.07,0.081,0.072,0.059,2010
1991,0.16,0.07,0.081,0.072,0.059,2010
1991,0.18,0.07,0.081,0.07,0.059,2010
1992,0.1,0.06,0.072,0.051,0.052,2010
1992,0.12,0.06,0.072,0.06,0.052,2010
1992,0.14,0.06,0.072,0.064,0.052,2010
1992,0.16,0.06,0.072,0.069,0.052,2010
1992,0.18,0.06,0.072,0.068,0.052,2010
1993,0.1,0.061,0.073,0.059,0.053,2010
1993,0.12,0.061,0.073,0.061,0.053,2010
1993,0.14,0.061,0.073,0.067,0.053,2010
1993,0.16,0.061,0.073,0.072,0.053,2010
1993,0.18,0.061,0.073,0.055,0.053,2010
1994,0.1,0.06,0.073,0.051,0.053,2010
1994,0.12,0.06,0.073,0.061,0.053,2010
1994,0.14,0.06,0.073,0.062,0.053,2010
1994,0.16,0.06,0.073,0.063,0.053,2010
1994,0.18,0.06,0.073,0.063,0.053,2010
1995,0.1,0.065,0.079,0.056,0.056,2010
1995,0.12,0.065,0.079,0.064,0.056,2010
1995,0.14,0.065,0.079,0.069,0.056,2010
1995,0.16,0.065,0.079,0.069,0.056,2010
1995,0.18,0.065,0.079,0.066,0.056,2010
1996,0.1,0.048,0.063,0.04,0.045,2010
1996,0.12,0.048,0.063,0.048,0.045,2010
1996,0.14,0.048,0.063,0.054,0.045,2010
1996,0.16,0.048,0.063,0.053,0.045,2010
1996,0.18,0.048,0.063,0.062,0.045,2010
1997,0.1,0.039,0.055,0.031,0.038,2010
1997,0.12,0.039,0.055,0.041,0.038,2010
1997,0.14,0.039,0.055,0.047,0.038,2010
1997,0.16,0.039,0.055,0.049,0.038,2010
1997,0.18,0.039,0.055,0.042,0.038,2010
1998,0.1,0.02,0.037,0.016,0.023,2010
1998,0.12,0.02,0.037,0.024,0.023,2010
1998,0.14,0.02,0.037,0.033,0.023,2010
1998,0.16,0.02,0.037,0.025,0.023,2010
1998,0.18,0.02,0.037,0.031,0.023,2010
1999,0.1,0.002,0.02,0.009,0.014,2010
1999,0.12,0.002,0.02,0.01,0.014,2010
1999,0.14,0.002,0.02,0.011,0.014,2010
1999,0.16,0.002,0.02,0.02,0.014,2010
1999,0.18,0.002,0.02,0.006,0.014,2010
2000,0.1,-0.013,0.006,-0.003,0.008,2010
2000,0.12,-0.013,0.006,0.001,0.008,2010
2000,0.14,-0.013,0.006,0.012,0.008,2010
2000,0.16,-0.013,0.006,-0.001,0.008,2010
2000,0.18,-0.013,0.006,-0.006,0.008,2010
2001,0.1,-0.002,0.019,-0.001,0.01,2010
2001,0.12,-0.002,0.019,0.008,0.01,2010
2001,0.14,-0.002,0.019,0.005,0.01,2010
2001,0.16,-0.002,0.019,-0.0,0.01,2010
2001,0.18,-0.002,0.019,0.008,0.01,2010
2002,0.1,0.01,0.034,0.009,0.02,2010
2002,0.12,0.01,0.034,0.029,0.02,2010
2002,0.14,0.01,0.034,0.014,0.02,2010
2002,0.16,0.01,0.034,0.014,0.02,2010
2002,0.18,0.01,0.034,0.019,0.02,2010
2003,0.1,0.041,0.069,0.025,0.037,2010
2003,0.12,0.041,0.069,0.034,0.037,2010
2003,0.14,0.041,0.069,0.044,0.037,2010
2003,0.16,0.041,0.069,0.043,0.037,2010
2003,0.18,0.041,0.069,0.055,0.037,2010
2004,0.1,0.018,0.049,0.013,0.023,2010
2004,0.12,0.018,0.049,0.027,0.023,2010
2004,0.14,0.018,0.049,0.025,0.023,2010
2004,0.16,0.018,0.049,0.025,0.023,2010
2004,0.18,0.018,0.049,0.032,0.023,2010
2005,0.1,0.008,0.044,0.001,0.019,2010
2005,0.12,0.008,0.044,0.013,0.019,2010
2005,0.14,0.008,0.044,0.026,0.019,2010
2005,0.16,0.008,0.044,0.021,0.019,2010
2005,0.18,0.008,0.044,0.007,0.019,2010
2006,0.1,-0.002,0.041,0.006,0.012,2010
2006,0.12,-0.002,0.041,0.033,0.012,2010
2006,0.14,-0.002,0.041,0.014,0.012,2010
2006,0.16,-0.002,0.041,0.013,0.012,2010
2006,0.18,-0.002,0.041,0.028,0.012,2010
2007,0.1,-0.029,0.024,-0.015,-0.003,2010
2007,0.12,-0.029,0.024,0.014,-0.003,2010
2007,0.14,-0.029,0.024,-0.023,-0.003,2010
2007,0.16,-0.029,0.024,-0.004,-0.003,2010
2007,0.18,-0.029,0.024,-0.026,-0.003,2010
2008,0.1,-0.046,0.0,-0.032,-0.012,2010
2008,0.12,-0.046,0.0,-0.014,-0.012,2010
2008,0.14,-0.046,0.0,-0.003,-0.012,2010
2008,0.16,-0.046,0.0,-0.005,-0.012,2010
2008,0.18,-0.046,0.0,-0.02,-0.012,2010
2009,0.1,0.162,0.163,0.015,0.103,2010
2009,0.12,0.162,0.163,0.077,0.103,2010
2009,0.14,0.162,0.163,0.085,0.103,2010
2009,0.16,0.162,0.163,0.085,0.103,2010
2009,0.18,0.162,0.163,0.093,0.103,2010
1990,0.1,0.059,0.069,0.051,0.051,2011
1990,0.12,0.059,0.069,0.056,0.051,2011
1990,0.14,0.059,0.069,0.062,0.051,2011
1990,0.16,0.059,0.069,0.061,0.051,2011
1990,0.18,0.059,0.069,0.053,0.051,2011
1991,0.1,0.066,0.077,0.061,0.056,2011
1991,0.12,0.066,0.077,0.061,0.056,2011
1991,0.14,0.066,0.077,0.069,0.056,2011
1991,0.16,0.066,0.077,0.068,0.056,2011
1991,0.18,0.066,0.077,0.066,0.056,2011
1992,0.1,0.057,0.068,0.047,0.05,2011
1992,0.12,0.057,0.068,0.056,0.05,2011
1992,0.14,0.057,0.068,0.06,0.05,2011
1992,0.16,0.057,0.068,0.065,0.05,2011
1992,0.18,0.057,0.068,0.065,0.05,2011
1993,0.1,0.057,0.069,0.054,0.05,2011
1993,0.12,0.057,0.069,0.056,0.05,2011
1993,0.14,0.057,0.069,0.063,0.05,2011
1993,0.16,0.057,0.069,0.068,0.05,2011
1993,0.18,0.057,0.069,0.051,0.05,2011
1994,0.1,0.057,0.069,0.046,0.05,2011
1994,0.12,0.057,0.069,0.056,0.05,2011
1994,0.14,0.057,0.069,0.057,0.05,2011
1994,0.16,0.057,0.069,0.059,0.05,2011
1994,0.18,0.057,0.069,0.058,0.05,2011
1995,0.1,0.061,0.074,0.051,0.053,2011
1995,0.12,0.061,0.074,0.059,0.053,2011
1995,0.14,0.061,0.074,0.064,0.053,2011
1995,0.16,0.061,0.074,0.063,0.053,2011
1995,0.18,0.061,0.074,0.061,0.053,2011
1996,0.1,0.045,0.059,0.036,0.043,2011
1996,0.12,0.045,0.059,0.043,0.043,2011
1996,0.14,0.045,0.059,0.051,0.043,2011
1996,0.16,0.045,0.059,0.048,0.043,2011
1996,0.18,0.045,0.059,0.058,0.043,2011
1997,0.1,0.036,0.051,0.027,0.036,2011
1997,0.12,0.036,0.051,0.037,0.036,2011
1997,0.14,0.036,0.051,0.043,0.036,2011
1997,0.16,0.036,0.051,0.044,0.036,2011
1997,0.18,0.036,0.051,0.038,0.036,2011
1998,0.1,0.018,0.034,0.013,0.022,2011
1998,0.12,0.018,0.034,0.02,0.022,2011
1998,0.14,0.018,0.034,0.029,0.022,2011
1998,0.16,0.018,0.034,0.024,0.022,2011
1998,0.18,0.018,0.034,0.029,0.022,2011
1999,0.1,0.002,0.018,0.007,0.013,2011
1999,0.12,0.002,0.018,0.009,0.013,2011
1999,0.14,0.002,0.018,0.008,0.013,2011
1999,0.16,0.002,0.018,0.018,0.013,2011
1999,0.18,0.002,0.018,0.004,0.013,2011
2000,0.1,-0.012,0.006,-0.004,0.007,2011
2000,0.12,-0.012,0.006,-0.0,0.007,2011
2000,0.14,-0.012,0.006,0.009,0.007,2011
2000,0.16,-0.012,0.006,-0.003,0.007,2011
2000,0.18,-0.012,0.006,-0.007,0.007,2011
2001,0.1,-0.002,0.018,-0.003,0.009,2011
2001,0.12,-0.002,0.018,0.005,0.009,2011
2001,0.14,-0.002,0.018,0.003,0.009,2011
2001,0.16,-0.002,0.018,-0.0,0.009,2011
2001,0.18,-0.002,0.018,0.007,0.009,2011
2002,0.1,0.009,0.03,0.006,0.018,2011
2002,0.12,0.009,0.03,0.025,0.018,2011
2002,0.14,0.009,0.03,0.012,0.018,2011
2002,0.16,0.009,0.03,0.013,0.018,2011
2002,0.18,0.009,0.03,0.017,0.018,2011
2003,0.1,0.037,0.061,0.022,0.033,2011
2003,0.12,0.037,0.061,0.026,0.033,2011
2003,0.14,0.037,0.061,0.039,0.033,2011
2003,0.16,0.037,0.061,0.035,0.033,2011
2003,0.18,0.037,0.061,0.046,0.033,2011
2004,0.1,0.016,0.043,0.009,0.021,2011
2004,0.12,0.016,0.043,0.021,0.021,2011
2004,0.14,0.016,0.043,0.02,0.021,2011
2004,0.16,0.016,0.043,0.022,0.021,2011
2004,0.18,0.016,0.043,0.028,0.021,2011
2005,0.1,0.006,0.037,-0.004,0.016,2011
2005,0.12,0.006,0.037,0.011,0.016,2011
2005,0.14,0.006,0.037,0.018,0.016,2011
2005,0.16,0.006,0.037,0.015,0.016,2011
2005,0.18,0.006,0.037,0.003,0.016,2011
2006,0.1,-0.001,0.034,0.002,0.01,2011
2006,0.12,-0.001,0.034,0.025,0.01,2011
2006,0.14,-0.001,0.034,0.009,0.01,2011
2006,0.16,-0.001,0.034,0.007,0.01,2011
2006,0.18,-0.001,0.034,0.02,0.01,2011
2007,0.1,-0.024,0.019,-0.016,-0.002,2011
2007,0.12,-0.024,0.019,0.008,-0.002,2011
2007,0.14,-0.024,0.019,-0.022,-0.002,2011
2007,0.16,-0.024,0.019,-0.008,-0.002,2011
2007,0.18,-0.024,0.019,-0.025,-0.002,2011
2008,0.1,-0.035,0.0,-0.032,-0.009,2011
2008,0.12,-0.035,0.0,-0.018,-0.009,2011
2008,0.14,-0.035,0.0,-0.007,-0.009,2011
2008,0.16,-0.035,0.0,-0.008,-0.009,2011
2008,0.18,-0.035,0.0,-0.02,-0.009,2011
2009,0.1,0.105,0.135,0.001,0.068,2011
2009,0.12,0.105,0.135,0.044,0.068,2011
2009,0.14,0.105,0.135,0.044,0.068,2011
2009,0.16,0.105,0.135,0.056,0.068,2011
2009,0.18,0.105,0.135,0.061,0.068,2011
2010,0.1,0.054,0.097,0.001,0.032,2011
2010,0.12,0.054,0.097,0.023,0.032,2011
2010,0.14,0.054,0.097,0.026,0.032,2011
2010,0.16,0.054,0.097,0.023,0.032,2011
2010,0.18,0.054,0.097,0.028,0.032,2011
1990,0.1,0.062,0.066,0.054,0.053,2012
1990,0.12,0.062,0.066,0.058,0.053,2012
1990,0.14,0.062,0.066,0.064,0.053,2012
1990,0.16,0.062,0.066,0.063,0.053,2012
1990,0.18,0.062,0.066,0.057,0.053,2012
1991,0.1,0.069,0.073,0.064,0.058,2012
1991,0.12,0.069,0.073,0.063,0.058,2012
1991,0.14,0.069,0.073,0.07,0.058,2012
1991,0.16,0.069,0.073,0.07,0.058,2012
1991,0.18,0.069,0.073,0.069,0.058,2012
1992,0.1,0.06,0.065,0.05,0.051,2012
1992,0.12,0.06,0.065,0.058,0.051,2012
1992,0.14,0.06,0.065,0.062,0.051,2012
1992,0.16,0.06,0.065,0.066,0.051,2012
1992,0.18,0.06,0.065,0.066,0.051,2012
1993,0.1,0.061,0.066,0.058,0.052,2012
1993,0.12,0.061,0.066,0.06,0.052,2012
1993,0.14,0.061,0.066,0.065,0.052,2012
1993,0.16,0.061,0.066,0.069,0.052,2012
1993,0.18,0.061,0.066,0.056,0.052,2012
1994,0.1,0.061,0.066,0.05,0.052,2012
1994,0.12,0.061,0.066,0.059,0.052,2012
1994,0.14,0.061,0.066,0.061,0.052,2012
1994,0.16,0.061,0.066,0.061,0.052,2012
1994,0.18,0.061,0.066,0.062,0.052,2012
1995,0.1,0.065,0.07,0.054,0.055,2012
1995,0.12,0.065,0.07,0.061,0.055,2012
1995,0.14,0.065,0.07,0.067,0.055,2012
1995,0.16,0.065,0.07,0.067,0.055,2012
1995,0.18,0.065,0.07,0.065,0.055,2012
1996,0.1,0.05,0.055,0.04,0.045,2012
1996,0.12,0.05,0.055,0.048,0.045,2012
1996,0.14,0.05,0.055,0.054,0.045,2012
1996,0.16,0.05,0.055,0.053,0.045,2012
1996,0.18,0.05,0.055,0.06,0.045,2012
1997,0.1,0.042,0.048,0.032,0.039,2012
1997,0.12,0.042,0.048,0.041,0.039,2012
1997,0.14,0.042,0.048,0.047,0.039,2012
1997,0.16,0.042,0.048,0.049,0.039,2012
1997,0.18,0.042,0.048,0.043,0.039,2012
1998,0.1,0.026,0.032,0.019,0.026,2012
1998,0.12,0.026,0.032,0.027,0.026,2012
1998,0.14,0.026,0.032,0.033,0.026,2012
1998,0.16,0.026,0.032,0.028,0.026,2012
1998,0.18,0.026,0.032,0.033,0.026,2012
1999,0.1,0.011,0.017,0.012,0.018,2012
1999,0.12,0.011,0.017,0.014,0.018,2012
1999,0.14,0.011,0.017,0.014,0.018,2012
1999,0.16,0.011,0.017,0.023,0.018,2012
1999,0.18,0.011,0.017,0.013,0.018,2012
2000,0.1,-0.002,0.005,0.003,0.013,2012
2000,0.12,-0.002,0.005,0.006,0.013,2012
2000,0.14,-0.002,0.005,0.014,0.013,2012
2000,0.16,-0.002,0.005,0.006,0.013,2012
2000,0.18,-0.002,0.005,0.003,0.013,2012
2001,0.1,0.009,0.016,0.005,0.015,2012
2001,0.12,0.009,0.016,0.012,0.015,2012
2001,0.14,0.009,0.016,0.013,0.015,2012
2001,0.16,0.009,0.016,0.008,0.015,2012
2001,0.18,0.009,0.016,0.014,0.015,2012
2002,0.1,0.019,0.027,0.014,0.024,2012
2002,0.12,0.019,0.027,0.032,0.024,2012
2002,0.14,0.019,0.027,0.02,0.024,2012
2002,0.16,0.019,0.027,0.021,0.024,2012
2002,0.18,0.019,0.027,0.025,0.024,2012
2003,0.1,0.046,0.055,0.03,0.038,2012
2003,0.12,0.046,0.055,0.038,0.038,2012
2003,0.14,0.046,0.055,0.045,0.038,2012
2003,0.16,0.046,0.055,0.045,0.038,2012
2003,0.18,0.046,0.055,0.054,0.038,2012
2004,0.1,0.028,0.038,0.019,0.027,2012
2004,0.12,0.028,0.038,0.029,0.027,2012
2004,0.14,0.028,0.038,0.031,0.027,2012
2004,0.16,0.028,0.038,0.031,0.027,2012
2004,0.18,0.028,0.038,0.036,0.027,2012
2005,0.1,0.022,0.033,0.013,0.025,2012
2005,0.12,0.022,0.033,0.021,0.025,2012
2005,0.14,0.022,0.033,0.028,0.025,2012
2005,0.16,0.022,0.033,0.028,0.025,2012
2005,0.18,0.022,0.033,0.019,0.025,2012
2006,0.1,0.017,0.029,0.015,0.021,2012
2006,0.12,0.017,0.029,0.037,0.021,2012
2006,0.14,0.017,0.029,0.025,0.021,2012
2006,0.16,0.017,0.029,0.023,0.021,2012
2006,0.18,0.017,0.029,0.034,0.021,2012
2007,0.1,0.001,0.016,0.001,0.013,2012
2007,0.12,0.001,0.016,0.025,0.013,2012
2007,0.14,0.001,0.016,0.002,0.013,2012
2007,0.16,0.001,0.016,0.013,0.013,2012
2007,0.18,0.001,0.016,-0.0,0.013,2012
2008,0.1,-0.003,0.003,-0.001,0.01,2012
2008,0.12,-0.003,0.003,0.009,0.01,2012
2008,0.14,-0.003,0.003,0.017,0.01,2012
2008,0.16,-0.003,0.003,0.017,0.01,2012
2008,0.18,-0.003,0.003,0.008,0.01,2012
2009,0.1,0.112,0.12,0.031,0.074,2012
2009,0.12,0.112,0.12,0.063,0.074,2012
2009,0.14,0.112,0.12,0.071,0.074,2012
2009,0.16,0.112,0.12,0.072,0.074,2012
2009,0.18,0.112,0.12,0.083,0.074,2012
2010,0.1,0.08,0.09,0.048,0.049,2012
2010,0.12,0.08,0.09,0.05,0.049,2012
2010,0.14,0.08,0.09,0.054,0.049,2012
2010,0.16,0.08,0.09,0.061,0.049,2012
2010,0.18,0.08,0.09,0.064,0.049,2012
2011,0.1,0.059,0.074,0.02,0.037,2012
2011,0.12,0.059,0.074,0.026,0.037,2012
2011,0.14,0.059,0.074,0.028,0.037,2012
2011,0.16,0.059,0.074,0.035,0.037,2012
2011,0.18,0.059,0.074,0.039,0.037,2012
1990,0.1,0.071,0.071,0.063,0.058,2013
1990,0.12,0.071,0.071,0.066,0.058,2013
1990,0.14,0.071,0.071,0.071,0.058,2013
1990,0.16,0.071,0.071,0.071,0.058,2013
1990,0.18,0.071,0.071,0.066,0.058,2013
1991,0.1,0.078,0.078,0.071,0.063,2013
1991,0.12,0.078,0.078,0.072,0.063,2013
1991,0.14,0.078,0.078,0.077,0.063,2013
1991,0.16,0.078,0.078,0.078,0.063,2013
1991,0.18,0.078,0.078,0.077,0.063,2013
1992,0.1,0.07,0.07,0.06,0.057,2013
1992,0.12,0.07,0.07,0.067,0.057,2013
1992,0.14,0.07,0.07,0.069,0.057,2013
1992,0.16,0.07,0.07,0.074,0.057,2013
1992,0.18,0.07,0.07,0.074,0.057,2013
1993,0.1,0.071,0.071,0.065,0.058,2013
1993,0.12,0.071,0.071,0.068,0.058,2013
1993,0.14,0.071,0.071,0.073,0.058,2013
1993,0.16,0.071,0.071,0.077,0.058,2013
1993,0.18,0.071,0.071,0.066,0.058,2013
1994,0.1,0.071,0.071,0.061,0.058,2013
1994,0.12,0.071,0.071,0.068,0.058,2013
1994,0.14,0.071,0.071,0.07,0.058,2013
1994,0.16,0.071,0.071,0.071,0.058,2013
1994,0.18,0.071,0.071,0.072,0.058,2013
1995,0.1,0.076,0.076,0.066,0.061,2013
1995,0.12,0.076,0.076,0.071,0.061,2013
1995,0.14,0.076,0.076,0.076,0.061,2013
1995,0.16,0.076,0.076,0.076,0.061,2013
1995,0.18,0.076,0.076,0.075,0.061,2013
1996,0.1,0.062,0.062,0.053,0.052,2013
1996,0.12,0.062,0.062,0.059,0.052,2013
1996,0.14,0.062,0.062,0.063,0.052,2013
1996,0.16,0.062,0.062,0.063,0.052,2013
1996,0.18,0.062,0.062,0.069,0.052,2013
1997,0.1,0.056,0.056,0.046,0.047,2013
1997,0.12,0.056,0.056,0.053,0.047,2013
1997,0.14,0.056,0.056,0.058,0.047,2013
1997,0.16,0.056,0.056,0.059,0.047,2013
1997,0.18,0.056,0.056,0.055,0.047,2013
1998,0.1,0.041,0.041,0.033,0.035,2013
1998,0.12,0.041,0.041,0.039,0.035,2013
1998,0.14,0.041,0.041,0.045,0.035,2013
1998,0.16,0.041,0.041,0.041,0.035,2013
1998,0.18,0.041,0.041,0.046,0.035,2013
1999,0.1,0.028,0.028,0.026,0.029,2013
1999,0.12,0.028,0.028,0.027,0.029,2013
1999,0.14,0.028,0.028,0.029,0.029,2013
1999,0.16,0.028,0.028,0.036,0.029,2013
1999,0.18,0.028,0.028,0.028,0.029,2013
2000,0.1,0.017,0.017,0.018,0.025,2013
2000,0.12,0.017,0.017,0.021,0.025,2013
2000,0.14,0.017,0.017,0.028,0.025,2013
2000,0.16,0.017,0.017,0.021,0.025,2013
2000,0.18,0.017,0.017,0.019,0.025,2013
2001,0.1,0.028,0.028,0.023,0.027,2013
2001,0.12,0.028,0.028,0.029,0.027,2013
2001,0.14,0.028,0.028,0.029,0.027,2013
2001,0.16,0.028,0.028,0.026,0.027,2013
2001,0.18,0.028,0.028,0.031,0.027,2013
2002,0.1,0.04,0.04,0.032,0.036,2013
2002,0.12,0.04,0.04,0.047,0.036,2013
2002,0.14,0.04,0.04,0.038,0.036,2013
2002,0.16,0.04,0.04,0.04,0.036,2013
2002,0.18,0.04,0.04,0.043,0.036,2013
2003,0.1,0.067,0.067,0.05,0.051,2013
2003,0.12,0.067,0.067,0.057,0.051,2013
2003,0.14,0.067,0.067,0.063,0.051,2013
2003,0.16,0.067,0.067,0.063,0.051,2013
2003,0.18,0.067,0.067,0.071,0.051,2013
2004,0.1,0.052,0.052,0.039,0.042,2013
2004,0.12,0.052,0.052,0.049,0.042,2013
2004,0.14,0.052,0.052,0.051,0.042,2013
2004,0.16,0.052,0.052,0.053,0.042,2013
2004,0.18,0.052,0.052,0.057,0.042,2013
2005,0.1,0.049,0.049,0.034,0.041,2013
2005,0.12,0.049,0.049,0.044,0.041,2013
2005,0.14,0.049,0.049,0.052,0.041,2013
2005,0.16,0.049,0.049,0.051,0.041,2013
2005,0.18,0.049,0.049,0.044,0.041,2013
2006,0.1,0.048,0.048,0.042,0.039,2013
2006,0.12,0.048,0.048,0.058,0.039,2013
2006,0.14,0.048,0.048,0.05,0.039,2013
2006,0.16,0.048,0.048,0.05,0.039,2013
2006,0.18,0.048,0.048,0.059,0.039,2013
2007,0.1,0.039,0.039,0.033,0.035,2013
2007,0.12,0.039,0.039,0.05,0.035,2013
2007,0.14,0.039,0.039,0.035,0.035,2013
2007,0.16,0.039,0.039,0.043,0.035,2013
2007,0.18,0.039,0.039,0.034,0.035,2013
2008,0.1,0.042,0.042,0.031,0.036,2013
2008,0.12,0.042,0.042,0.043,0.036,2013
2008,0.14,0.042,0.042,0.05,0.036,2013
2008,0.16,0.042,0.042,0.051,0.036,2013
2008,0.18,0.042,0.042,0.047,0.036,2013
2009,0.1,0.147,0.147,0.086,0.093,2013
2009,0.12,0.147,0.147,0.106,0.093,2013
2009,0.14,0.147,0.147,0.112,0.093,2013
2009,0.16,0.147,0.147,0.118,0.093,2013
2009,0.18,0.147,0.147,0.123,0.093,2013
2010,0.1,0.13,0.13,0.091,0.083,2013
2010,0.12,0.13,0.13,0.101,0.083,2013
2010,0.14,0.13,0.13,0.111,0.083,2013
2010,0.16,0.13,0.13,0.111,0.083,2013
2010,0.18,0.13,0.13,0.115,0.083,2013
2011,0.1,0.133,0.133,0.089,0.084,2013
2011,0.12,0.133,0.133,0.099,0.084,2013
2011,0.14,0.133,0.133,0.102,0.084,2013
2011,0.16,0.133,0.133,0.115,0.084,2013
2011,0.18,0.133,0.133,0.116,0.084,2013
2012,0.1,0.204,0.204,0.138,0.127,2013
2012,0.12,0.204,0.204,0.142,0.127,2013
2012,0.14,0.204,0.204,0.165,0.127,2013
2012,0.16,0.204,0.204,0.169,0.127,2013
2012,0.18,0.204,0.204,0.172,0.127,2013
1990,0.1,0.073,0.073,0.064,0.059,2014
1990,0.12,0.073,0.073,0.068,0.059,2014
1990,0.14,0.073,0.073,0.072,0.059,2014
1990,0.16,0.073,0.073,0.072,0.059,2014
1990,0.18,0.073,0.073,0.068,0.059,2014
1991,0.1,0.08,0.08,0.073,0.063,2014
1991,0.12,0.08,0.08,0.074,0.063,2014
1991,0.14,0.08,0.08,0.078,0.063,2014
1991,0.16,0.08,0.08,0.078,0.063,2014
1991,0.18,0.08,0.08,0.079,0.063,2014
1992,0.1,0.072,0.073,0.063,0.058,2014
1992,0.12,0.072,0.073,0.068,0.058,2014
1992,0.14,0.072,0.073,0.071,0.058,2014
1992,0.16,0.072,0.073,0.075,0.058,2014
1992,0.18,0.072,0.073,0.075,0.058,2014
1993,0.1,0.073,0.074,0.067,0.059,2014
1993,0.12,0.073,0.074,0.07,0.059,2014
1993,0.14,0.073,0.074,0.074,0.059,2014
1993,0.16,0.073,0.074,0.077,0.059,2014
1993,0.18,0.073,0.074,0.069,0.059,2014
1994,0.1,0.073,0.074,0.064,0.059,2014
1994,0.12,0.073,0.074,0.07,0.059,2014
1994,0.14,0.073,0.074,0.071,0.059,2014
1994,0.16,0.073,0.074,0.072,0.059,2014
1994,0.18,0.073,0.074,0.073,0.059,2014
1995,0.1,0.078,0.079,0.068,0.062,2014
1995,0.12,0.078,0.079,0.073,0.062,2014
1995,0.14,0.078,0.079,0.077,0.062,2014
1995,0.16,0.078,0.079,0.078,0.062,2014
1995,0.18,0.078,0.079,0.077,0.062,2014
1996,0.1,0.065,0.066,0.056,0.054,2014
1996,0.12,0.065,0.066,0.061,0.054,2014
1996,0.14,0.065,0.066,0.065,0.054,2014
1996,0.16,0.065,0.066,0.065,0.054,2014
1996,0.18,0.065,0.066,0.07,0.054,2014
1997,0.1,0.059,0.06,0.049,0.048,2014
1997,0.12,0.059,0.06,0.055,0.048,2014
1997,0.14,0.059,0.06,0.06,0.048,2014
1997,0.16,0.059,0.06,0.061,0.048,2014
1997,0.18,0.059,0.06,0.058,0.048,2014
1998,0.1,0.045,0.046,0.037,0.038,2014
1998,0.12,0.045,0.046,0.043,0.038,2014
1998,0.14,0.045,0.046,0.048,0.038,2014
1998,0.16,0.045,0.046,0.045,0.038,2014
1998,0.18,0.045,0.046,0.049,0.038,2014
1999,0.1,0.033,0.034,0.031,0.031,2014
1999,0.12,0.033,0.034,0.032,0.031,2014
1999,0.14,0.033,0.034,0.033,0.031,2014
1999,0.16,0.033,0.034,0.039,0.031,2014
1999,0.18,0.033,0.034,0.033,0.031,2014
2000,0.1,0.023,0.024,0.023,0.028,2014
2000,0.12,0.023,0.024,0.025,0.028,2014
2000,0.14,0.023,0.024,0.032,0.028,2014
2000,0.16,0.023,0.024,0.025,0.028,2014
2000,0.18,0.023,0.024,0.025,0.028,2014
2001,0.1,0.034,0.035,0.028,0.031,2014
2001,0.12,0.034,0.035,0.033,0.031,2014
2001,0.14,0.034,0.035,0.034,0.031,2014
2001,0.16,0.034,0.035,0.032,0.031,2014
2001,0.18,0.034,0.035,0.036,0.031,2014
2002,0.1,0.045,0.047,0.038,0.039,2014
2002,0.12,0.045,0.047,0.049,0.039,2014
2002,0.14,0.045,0.047,0.043,0.039,2014
2002,0.16,0.045,0.047,0.044,0.039,2014
2002,0.18,0.045,0.047,0.046,0.039,2014
2003,0.1,0.07,0.072,0.055,0.053,2014
2003,0.12,0.07,0.072,0.061,0.053,2014
2003,0.14,0.07,0.072,0.067,0.053,2014
2003,0.16,0.07,0.072,0.066,0.053,2014
2003,0.18,0.07,0.072,0.074,0.053,2014
2004,0.1,0.058,0.059,0.046,0.045,2014
2004,0.12,0.058,0.059,0.054,0.045,2014
2004,0.14,0.058,0.059,0.056,0.045,2014
2004,0.16,0.058,0.059,0.057,0.045,2014
2004,0.18,0.058,0.059,0.061,0.045,2014
2005,0.1,0.055,0.057,0.042,0.045,2014
2005,0.12,0.055,0.057,0.05,0.045,2014
2005,0.14,0.055,0.057,0.056,0.045,2014
2005,0.16,0.055,0.057,0.056,0.045,2014
2005,0.18,0.055,0.057,0.052,0.045,2014
2006,0.1,0.055,0.057,0.048,0.043,2014
2006,0.12,0.055,0.057,0.059,0.043,2014
2006,0.14,0.055,0.057,0.055,0.043,2014
2006,0.16,0.055,0.057,0.056,0.043,2014
2006,0.18,0.055,0.057,0.063,0.043,2014
2007,0.1,0.048,0.05,0.041,0.04,2014
2007,0.12,0.048,0.05,0.053,0.04,2014
2007,0.14,0.048,0.05,0.043,0.04,2014
2007,0.16,0.048,0.05,0.049,0.04,2014
2007,0.18,0.048,0.05,0.044,0.04,2014
2008,0.1,0.052,0.054,0.041,0.042,2014
2008,0.12,0.052,0.054,0.05,0.042,2014
2008,0.14,0.052,0.054,0.057,0.042,2014
2008,0.16,0.052,0.054,0.056,0.042,2014
2008,0.18,0.052,0.054,0.054,0.042,2014
2009,0.1,0.141,0.144,0.093,0.09,2014
2009,0.12,0.141,0.144,0.108,0.09,2014
2009,0.14,0.141,0.144,0.113,0.09,2014
2009,0.16,0.141,0.144,0.117,0.09,2014
2009,0.18,0.141,0.144,0.12,0.09,2014
2010,0.1,0.127,0.131,0.095,0.08,2014
2010,0.12,0.127,0.131,0.102,0.08,2014
2010,0.14,0.127,0.131,0.11,0.08,2014
2010,0.16,0.127,0.131,0.111,0.08,2014
2010,0.18,0.127,0.131,0.116,0.08,2014
2011,0.1,0.128,0.132,0.094,0.082,2014
2011,0.12,0.128,0.132,0.101,0.082,2014
2011,0.14,0.128,0.132,0.108,0.082,2014
2011,0.16,0.128,0.132,0.112,0.082,2014
2011,0.18,0.128,0.132,0.112,0.082,2014
2012,0.1,0.173,0.179,0.121,0.109,2014
2012,0.12,0.173,0.179,0.132,0.109,2014
2012,0.14,0.173,0.179,0.144,0.109,2014
2012,0.16,0.173,0.179,0.149,0.109,2014
2012,0.18,0.173,0.179,0.148,0.109,2014
2013,0.1,0.187,0.196,0.138,0.117,2014
2013,0.12,0.187,0.196,0.146,0.117,2014
2013,0.14,0.187,0.196,0.159,0.117,2014
2013,0.16,0.187,0.196,0.163,0.117,2014
2013,0.18,0.187,0.196,0.168,0.117,2014
1990,0.1,0.07,0.071,0.061,0.056,2015
1990,0.12,0.07,0.071,0.065,0.056,2015
1990,0.14,0.07,0.071,0.069,0.056,2015
1990,0.16,0.07,0.071,0.069,0.056,2015
1990,0.18,0.07,0.071,0.065,0.056,2015
1991,0.1,0.076,0.078,0.069,0.06,2015
1991,0.12,0.076,0.078,0.07,0.06,2015
1991,0.14,0.076,0.078,0.075,0.06,2015
1991,0.16,0.076,0.078,0.075,0.06,2015
1991,0.18,0.076,0.078,0.075,0.06,2015
1992,0.1,0.068,0.07,0.059,0.055,2015
1992,0.12,0.068,0.07,0.065,0.055,2015
1992,0.14,0.068,0.07,0.068,0.055,2015
1992,0.16,0.068,0.07,0.071,0.055,2015
1992,0.18,0.068,0.07,0.071,0.055,2015
1993,0.1,0.07,0.071,0.064,0.056,2015
1993,0.12,0.07,0.071,0.065,0.056,2015
1993,0.14,0.07,0.071,0.069,0.056,2015
1993,0.16,0.07,0.071,0.074,0.056,2015
1993,0.18,0.07,0.071,0.064,0.056,2015
1994,0.1,0.07,0.071,0.06,0.056,2015
1994,0.12,0.07,0.071,0.066,0.056,2015
1994,0.14,0.07,0.071,0.068,0.056,2015
1994,0.16,0.07,0.071,0.069,0.056,2015
1994,0.18,0.07,0.071,0.069,0.056,2015
1995,0.1,0.074,0.076,0.064,0.059,2015
1995,0.12,0.074,0.076,0.069,0.059,2015
1995,0.14,0.074,0.076,0.073,0.059,2015
1995,0.16,0.074,0.076,0.073,0.059,2015
1995,0.18,0.074,0.076,0.073,0.059,2015
1996,0.1,0.061,0.063,0.052,0.051,2015
1996,0.12,0.061,0.063,0.057,0.051,2015
1996,0.14,0.061,0.063,0.061,0.051,2015
1996,0.16,0.061,0.063,0.061,0.051,2015
1996,0.18,0.061,0.063,0.066,0.051,2015
1997,0.1,0.055,0.057,0.045,0.046,2015
1997,0.12,0.055,0.057,0.052,0.046,2015
1997,0.14,0.055,0.057,0.055,0.046,2015
1997,0.16,0.055,0.057,0.057,0.046,2015
1997,0.18,0.055,0.057,0.054,0.046,2015
1998,0.1,0.042,0.044,0.033,0.035,2015
1998,0.12,0.042,0.044,0.04,0.035,2015
1998,0.14,0.042,0.044,0.045,0.035,2015
1998,0.16,0.042,0.044,0.042,0.035,2015
1998,0.18,0.042,0.044,0.046,0.035,2015
1999,0.1,0.03,0.033,0.028,0.029,2015
1999,0.12,0.03,0.033,0.029,0.029,2015
1999,0.14,0.03,0.033,0.031,0.029,2015
1999,0.16,0.03,0.033,0.037,0.029,2015
1999,0.18,0.03,0.033,0.03,0.029,2015
2000,0.1,0.021,0.024,0.019,0.026,2015
2000,0.12,0.021,0.024,0.023,0.026,2015
2000,0.14,0.021,0.024,0.029,0.026,2015
2000,0.16,0.021,0.024,0.023,0.026,2015
2000,0.18,0.021,0.024,0.023,0.026,2015
2001,0.1,0.032,0.034,0.024,0.028,2015
2001,0.12,0.032,0.034,0.031,0.028,2015
2001,0.14,0.032,0.034,0.031,0.028,2015
2001,0.16,0.032,0.034,0.029,0.028,2015
2001,0.18,0.032,0.034,0.033,0.028,2015
2002,0.1,0.042,0.045,0.033,0.036,2015
2002,0.12,0.042,0.045,0.044,0.036,2015
2002,0.14,0.042,0.045,0.039,0.036,2015
2002,0.16,0.042,0.045,0.041,0.036,2015
2002,0.18,0.042,0.045,0.043,0.036,2015
2003,0.1,0.064,0.068,0.05,0.048,2015
2003,0.12,0.064,0.068,0.053,0.048,2015
2003,0.14,0.064,0.068,0.059,0.048,2015
2003,0.16,0.064,0.068,0.06,0.048,2015
2003,0.18,0.064,0.068,0.067,0.048,2015
2004,0.1,0.052,0.056,0.041,0.041,2015
2004,0.12,0.052,0.056,0.049,0.041,2015
2004,0.14,0.052,0.056,0.05,0.041,2015
2004,0.16,0.052,0.056,0.051,0.041,2015
2004,0.18,0.052,0.056,0.055,0.041,2015
2005,0.1,0.049,0.053,0.037,0.04,2015
2005,0.12,0.049,0.053,0.045,0.04,2015
2005,0.14,0.049,0.053,0.05,0.04,2015
2005,0.16,0.049,0.053,0.05,0.04,2015
2005,0.18,0.049,0.053,0.046,0.04,2015
2006,0.1,0.049,0.053,0.04,0.038,2015
2006,0.12,0.049,0.053,0.052,0.038,2015
2006,0.14,0.049,0.053,0.049,0.038,2015
2006,0.16,0.049,0.053,0.048,0.038,2015
2006,0.18,0.049,0.053,0.056,0.038,2015
2007,0.1,0.042,0.046,0.034,0.035,2015
2007,0.12,0.042,0.046,0.046,0.035,2015
2007,0.14,0.042,0.046,0.038,0.035,2015
2007,0.16,0.042,0.046,0.043,0.035,2015
2007,0.18,0.042,0.046,0.038,0.035,2015
2008,0.1,0.044,0.049,0.035,0.036,2015
2008,0.12,0.044,0.049,0.041,0.036,2015
2008,0.14,0.044,0.049,0.049,0.036,2015
2008,0.16,0.044,0.049,0.048,0.036,2015
2008,0.18,0.044,0.049,0.046,0.036,2015
2009,0.1,0.119,0.125,0.078,0.076,2015
2009,0.12,0.119,0.125,0.091,0.076,2015
2009,0.14,0.119,0.125,0.095,0.076,2015
2009,0.16,0.119,0.125,0.098,0.076,2015
2009,0.18,0.119,0.125,0.101,0.076,2015
2010,0.1,0.103,0.111,0.077,0.066,2015
2010,0.12,0.103,0.111,0.083,0.066,2015
2010,0.14,0.103,0.111,0.089,0.066,2015
2010,0.16,0.103,0.111,0.091,0.066,2015
2010,0.18,0.103,0.111,0.091,0.066,2015
2011,0.1,0.1,0.108,0.073,0.064,2015
2011,0.12,0.1,0.108,0.079,0.064,2015
2011,0.14,0.1,0.108,0.078,0.064,2015
2011,0.16,0.1,0.108,0.087,0.064,2015
2011,0.18,0.1,0.108,0.087,0.064,2015
2012,0.1,0.125,0.136,0.087,0.08,2015
2012,0.12,0.125,0.136,0.095,0.08,2015
2012,0.14,0.125,0.136,0.1,0.08,2015
2012,0.16,0.125,0.136,0.107,0.08,2015
2012,0.18,0.125,0.136,0.107,0.08,2015
2013,0.1,0.118,0.133,0.082,0.075,2015
2013,0.12,0.118,0.133,0.092,0.075,2015
2013,0.14,0.118,0.133,0.092,0.075,2015
2013,0.16,0.118,0.133,0.103,0.075,2015
2013,0.18,0.118,0.133,0.106,0.075,2015
2014,0.1,0.056,0.077,0.032,0.035,2015
2014,0.12,0.056,0.077,0.034,0.035,2015
2014,0.14,0.056,0.077,0.038,0.035,2015
2014,0.16,0.056,0.077,0.041,0.035,2015
2014,0.18,0.056,0.077,0.042,0.035,2015
1990,0.1,0.07,0.071,0.062,0.056,2016
1990,0.12,0.07,0.071,0.067,0.056,2016
1990,0.14,0.07,0.071,0.07,0.056,2016
1990,0.16,0.07,0.071,0.07,0.056,2016
1990,0.18,0.07,0.071,0.066,0.056,2016
1991,0.1,0.077,0.077,0.07,0.061,2016
1991,0.12,0.077,0.077,0.071,0.061,2016
1991,0.14,0.077,0.077,0.076,0.061,2016
1991,0.16,0.077,0.077,0.076,0.061,2016
1991,0.18,0.077,0.077,0.075,0.061,2016
1992,0.1,0.069,0.07,0.061,0.055,2016
1992,0.12,0.069,0.07,0.067,0.055,2016
1992,0.14,0.069,0.07,0.069,0.055,2016
1992,0.16,0.069,0.07,0.071,0.055,2016
1992,0.18,0.069,0.07,0.071,0.055,2016
1993,0.1,0.071,0.071,0.064,0.056,2016
1993,0.12,0.071,0.071,0.067,0.056,2016
1993,0.14,0.071,0.071,0.071,0.056,2016
1993,0.16,0.071,0.071,0.074,0.056,2016
1993,0.18,0.071,0.071,0.066,0.056,2016
1994,0.1,0.071,0.071,0.062,0.056,2016
1994,0.12,0.071,0.071,0.068,0.056,2016
1994,0.14,0.071,0.071,0.068,0.056,2016
1994,0.16,0.071,0.071,0.069,0.056,2016
1994,0.18,0.071,0.071,0.07,0.056,2016
1995,0.1,0.075,0.075,0.066,0.059,2016
1995,0.12,0.075,0.075,0.069,0.059,2016
1995,0.14,0.075,0.075,0.073,0.059,2016
1995,0.16,0.075,0.075,0.074,0.059,2016
1995,0.18,0.075,0.075,0.073,0.059,2016
1996,0.1,0.063,0.064,0.055,0.051,2016
1996,0.12,0.063,0.064,0.058,0.051,2016
1996,0.14,0.063,0.064,0.063,0.051,2016
1996,0.16,0.063,0.064,0.063,0.051,2016
1996,0.18,0.063,0.064,0.067,0.051,2016
1997,0.1,0.057,0.058,0.048,0.046,2016
1997,0.12,0.057,0.058,0.054,0.046,2016
1997,0.14,0.057,0.058,0.057,0.046,2016
1997,0.16,0.057,0.058,0.059,0.046,2016
1997,0.18,0.057,0.058,0.056,0.046,2016
1998,0.1,0.045,0.046,0.037,0.036,2016
1998,0.12,0.045,0.046,0.042,0.036,2016
1998,0.14,0.045,0.046,0.046,0.036,2016
1998,0.16,0.045,0.046,0.044,0.036,2016
1998,0.18,0.045,0.046,0.048,0.036,2016
1999,0.1,0.034,0.035,0.03,0.031,2016
1999,0.12,0.034,0.035,0.032,0.031,2016
1999,0.14,0.034,0.035,0.033,0.031,2016
1999,0.16,0.034,0.035,0.038,0.031,2016
1999,0.18,0.034,0.035,0.033,0.031,2016
2000,0.1,0.026,0.027,0.024,0.028,2016
2000,0.12,0.026,0.027,0.027,0.028,2016
2000,0.14,0.026,0.027,0.032,0.028,2016
2000,0.16,0.026,0.027,0.027,0.028,2016
2000,0.18,0.026,0.027,0.026,0.028,2016
2001,0.1,0.035,0.036,0.029,0.03,2016
2001,0.12,0.035,0.036,0.035,0.03,2016
2001,0.14,0.035,0.036,0.034,0.03,2016
2001,0.16,0.035,0.036,0.032,0.03,2016
2001,0.18,0.035,0.036,0.036,0.03,2016
2002,0.1,0.045,0.046,0.038,0.038,2016
2002,0.12,0.045,0.046,0.048,0.038,2016
2002,0.14,0.045,0.046,0.043,0.038,2016
2002,0.16,0.045,0.046,0.043,0.038,2016
2002,0.18,0.045,0.046,0.046,0.038,2016
2003,0.1,0.066,0.068,0.052,0.049,2016
2003,0.12,0.066,0.068,0.057,0.049,2016
2003,0.14,0.066,0.068,0.062,0.049,2016
2003,0.16,0.066,0.068,0.063,0.049,2016
2003,0.18,0.066,0.068,0.068,0.049,2016
2004,0.1,0.056,0.057,0.044,0.042,2016
2004,0.12,0.056,0.057,0.053,0.042,2016
2004,0.14,0.056,0.057,0.052,0.042,2016
2004,0.16,0.056,0.057,0.053,0.042,2016
2004,0.18,0.056,0.057,0.058,0.042,2016
2005,0.1,0.053,0.054,0.04,0.042,2016
2005,0.12,0.053,0.054,0.047,0.042,2016
2005,0.14,0.053,0.054,0.052,0.042,2016
2005,0.16,0.053,0.054,0.054,0.042,2016
2005,0.18,0.053,0.054,0.049,0.042,2016
2006,0.1,0.053,0.054,0.046,0.041,2016
2006,0.12,0.053,0.054,0.056,0.041,2016
2006,0.14,0.053,0.054,0.051,0.041,2016
2006,0.16,0.053,0.054,0.052,0.041,2016
2006,0.18,0.053,0.054,0.057,0.041,2016
2007,0.1,0.047,0.048,0.041,0.038,2016
2007,0.12,0.047,0.048,0.051,0.038,2016
2007,0.14,0.047,0.048,0.042,0.038,2016
2007,0.16,0.047,0.048,0.048,0.038,2016
2007,0.18,0.047,0.048,0.043,0.038,2016
2008,0.1,0.05,0.051,0.039,0.039,2016
2008,0.12,0.05,0.051,0.047,0.039,2016
2008,0.14,0.05,0.051,0.051,0.039,2016
2008,0.16,0.05,0.051,0.053,0.039,2016
2008,0.18,0.05,0.051,0.05,0.039,2016
2009,0.1,0.116,0.118,0.078,0.075,2016
2009,0.12,0.116,0.118,0.09,0.075,2016
2009,0.14,0.116,0.118,0.097,0.075,2016
2009,0.16,0.116,0.118,0.097,0.075,2016
2009,0.18,0.116,0.118,0.102,0.075,2016
2010,0.1,0.102,0.105,0.077,0.065,2016
2010,0.12,0.102,0.105,0.082,0.065,2016
2010,0.14,0.102,0.105,0.088,0.065,2016
2010,0.16,0.102,0.105,0.092,0.065,2016
2010,0.18,0.102,0.105,0.093,0.065,2016
2011,0.1,0.099,0.102,0.073,0.063,2016
2011,0.12,0.099,0.102,0.079,0.063,2016
2011,0.14,0.099,0.102,0.082,0.063,2016
2011,0.16,0.099,0.102,0.086,0.063,2016
2011,0.18,0.099,0.102,0.089,0.063,2016
2012,0.1,0.119,0.122,0.085,0.076,2016
2012,0.12,0.119,0.122,0.092,0.076,2016
2012,0.14,0.119,0.122,0.101,0.076,2016
2012,0.16,0.119,0.122,0.103,0.076,2016
2012,0.18,0.119,0.122,0.106,0.076,2016
2013,0.1,0.113,0.117,0.088,0.073,2016
2013,0.12,0.113,0.117,0.088,0.073,2016
2013,0.14,0.113,0.117,0.095,0.073,2016
2013,0.16,0.113,0.117,0.098,0.073,2016
2013,0.18,0.113,0.117,0.104,0.073,2016
2014,0.1,0.069,0.074,0.044,0.044,2016
2014,0.12,0.069,0.074,0.047,0.044,2016
2014,0.14,0.069,0.074,0.058,0.044,2016
2014,0.16,0.069,0.074,0.06,0.044,2016
2014,0.18,0.069,0.074,0.061,0.044,2016
2015,0.1,0.043,0.051,0.007,0.033,2016
2015,0.12,0.043,0.051,0.012,0.033,2016
2015,0.14,0.043,0.051,0.027,0.033,2016
2015,0.16,0.043,0.051,0.029,0.033,2016
2015,0.18,0.043,0.051,0.031,0.033,2016
1990,0.1,0.075,0.075,0.067,0.059,2017
1990,0.12,0.075,0.075,0.071,0.059,2017
1990,0.14,0.075,0.075,0.073,0.059,2017
1990,0.16,0.075,0.075,0.074,0.059,2017
1990,0.18,0.075,0.075,0.071,0.059,2017
1991,0.1,0.081,0.081,0.074,0.063,2017
1991,0.12,0.081,0.081,0.076,0.063,2017
1991,0.14,0.081,0.081,0.079,0.063,2017
1991,0.16,0.081,0.081,0.08,0.063,2017
1991,0.18,0.081,0.081,0.079,0.063,2017
1992,0.1,0.074,0.074,0.066,0.058,2017
1992,0.12,0.074,0.074,0.071,0.058,2017
1992,0.14,0.074,0.074,0.072,0.058,2017
1992,0.16,0.074,0.074,0.075,0.058,2017
1992,0.18,0.074,0.074,0.075,0.058,2017
1993,0.1,0.075,0.076,0.069,0.059,2017
1993,0.12,0.075,0.076,0.071,0.059,2017
1993,0.14,0.075,0.076,0.075,0.059,2017
1993,0.16,0.075,0.076,0.077,0.059,2017
1993,0.18,0.075,0.076,0.071,0.059,2017
1994,0.1,0.076,0.076,0.067,0.059,2017
1994,0.12,0.076,0.076,0.072,0.059,2017
1994,0.14,0.076,0.076,0.073,0.059,2017
1994,0.16,0.076,0.076,0.074,0.059,2017
1994,0.18,0.076,0.076,0.075,0.059,2017
1995,0.1,0.08,0.08,0.071,0.062,2017
1995,0.12,0.08,0.08,0.075,0.062,2017
1995,0.14,0.08,0.08,0.078,0.062,2017
1995,0.16,0.08,0.08,0.079,0.062,2017
1995,0.18,0.08,0.08,0.078,0.062,2017
1996,0.1,0.069,0.069,0.06,0.054,2017
1996,0.12,0.069,0.069,0.064,0.054,2017
1996,0.14,0.069,0.069,0.067,0.054,2017
1996,0.16,0.069,0.069,0.068,0.054,2017
1996,0.18,0.069,0.069,0.072,0.054,2017
1997,0.1,0.063,0.064,0.055,0.05,2017
1997,0.12,0.063,0.064,0.06,0.05,2017
1997,0.14,0.063,0.064,0.063,0.05,2017
1997,0.16,0.063,0.064,0.064,0.05,2017
1997,0.18,0.063,0.064,0.062,0.05,2017
1998,0.1,0.052,0.052,0.044,0.041,2017
1998,0.12,0.052,0.052,0.049,0.041,2017
1998,0.14,0.052,0.052,0.053,0.041,2017
1998,0.16,0.052,0.052,0.05,0.041,2017
1998,0.18,0.052,0.052,0.054,0.041,2017
1999,0.1,0.042,0.042,0.037,0.036,2017
1999,0.12,0.042,0.042,0.039,0.036,2017
1999,0.14,0.042,0.042,0.041,0.036,2017
1999,0.16,0.042,0.042,0.045,0.036,2017
1999,0.18,0.042,0.042,0.041,0.036,2017
2000,0.1,0.034,0.035,0.031,0.033,2017
2000,0.12,0.034,0.035,0.034,0.033,2017
2000,0.14,0.034,0.035,0.038,0.033,2017
2000,0.16,0.034,0.035,0.035,0.033,2017
2000,0.18,0.034,0.035,0.034,0.033,2017
2001,0.1,0.044,0.045,0.037,0.036,2017
2001,0.12,0.044,0.045,0.042,0.036,2017
2001,0.14,0.044,0.045,0.043,0.036,2017
2001,0.16,0.044,0.045,0.041,0.036,2017
2001,0.18,0.044,0.045,0.044,0.036,2017
2002,0.1,0.054,0.054,0.046,0.043,2017
2002,0.12,0.054,0.054,0.054,0.043,2017
2002,0.14,0.054,0.054,0.05,0.043,2017
2002,0.16,0.054,0.054,0.052,0.043,2017
2002,0.18,0.054,0.054,0.054,0.043,2017
2003,0.1,0.075,0.075,0.061,0.055,2017
2003,0.12,0.075,0.075,0.064,0.055,2017
2003,0.14,0.075,0.075,0.07,0.055,2017
2003,0.16,0.075,0.075,0.071,0.055,2017
2003,0.18,0.075,0.075,0.075,0.055,2017
2004,0.1,0.065,0.065,0.055,0.048,2017
2004,0.12,0.065,0.065,0.061,0.048,2017
2004,0.14,0.065,0.065,0.062,0.048,2017
2004,0.16,0.065,0.065,0.062,0.048,2017
2004,0.18,0.065,0.065,0.066,0.048,2017
2005,0.1,0.063,0.064,0.051,0.048,2017
2005,0.12,0.063,0.064,0.058,0.048,2017
2005,0.14,0.063,0.064,0.062,0.048,2017
2005,0.16,0.063,0.064,0.063,0.048,2017
2005,0.18,0.063,0.064,0.06,0.048,2017
2006,0.1,0.064,0.065,0.056,0.047,2017
2006,0.12,0.064,0.065,0.064,0.047,2017
2006,0.14,0.064,0.065,0.062,0.047,2017
2006,0.16,0.064,0.065,0.063,0.047,2017
2006,0.18,0.064,0.065,0.067,0.047,2017
2007,0.1,0.059,0.06,0.051,0.045,2017
2007,0.12,0.059,0.06,0.06,0.045,2017
2007,0.14,0.059,0.06,0.055,0.045,2017
2007,0.16,0.059,0.06,0.059,0.045,2017
2007,0.18,0.059,0.06,0.056,0.045,2017
2008,0.1,0.063,0.064,0.051,0.047,2017
2008,0.12,0.063,0.064,0.058,0.047,2017
2008,0.14,0.063,0.064,0.064,0.047,2017
2008,0.16,0.063,0.064,0.065,0.047,2017
2008,0.18,0.063,0.064,0.063,0.047,2017
2009,0.1,0.124,0.125,0.092,0.08,2017
2009,0.12,0.124,0.125,0.104,0.08,2017
2009,0.14,0.124,0.125,0.107,0.08,2017
2009,0.16,0.124,0.125,0.11,0.08,2017
2009,0.18,0.124,0.125,0.113,0.08,2017
2010,0.1,0.113,0.114,0.091,0.073,2017
2010,0.12,0.113,0.114,0.097,0.073,2017
2010,0.14,0.113,0.114,0.102,0.073,2017
2010,0.16,0.113,0.114,0.104,0.073,2017
2010,0.18,0.113,0.114,0.105,0.073,2017
2011,0.1,0.112,0.113,0.091,0.072,2017
2011,0.12,0.112,0.113,0.096,0.072,2017
2011,0.14,0.112,0.113,0.097,0.072,2017
2011,0.16,0.112,0.113,0.102,0.072,2017
2011,0.18,0.112,0.113,0.103,0.072,2017
2012,0.1,0.131,0.132,0.105,0.084,2017
2012,0.12,0.131,0.132,0.11,0.084,2017
2012,0.14,0.131,0.132,0.117,0.084,2017
2012,0.16,0.131,0.132,0.119,0.084,2017
2012,0.18,0.131,0.132,0.12,0.084,2017
2013,0.1,0.128,0.13,0.104,0.082,2017
2013,0.12,0.128,0.13,0.11,0.082,2017
2013,0.14,0.128,0.13,0.114,0.082,2017
2013,0.16,0.128,0.13,0.117,0.082,2017
2013,0.18,0.128,0.13,0.121,0.082,2017
2014,0.1,0.099,0.101,0.074,0.064,2017
2014,0.12,0.099,0.101,0.082,0.064,2017
2014,0.14,0.099,0.101,0.085,0.064,2017
2014,0.16,0.099,0.101,0.091,0.064,2017
2014,0.18,0.099,0.101,0.092,0.064,2017
2015,0.1,0.091,0.094,0.066,0.062,2017
2015,0.12,0.091,0.094,0.07,0.062,2017
2015,0.14,0.091,0.094,0.074,0.062,2017
2015,0.16,0.091,0.094,0.079,0.062,2017
2015,0.18,0.091,0.094,0.081,0.062,2017
2016,0.1,0.154,0.157,0.104,0.096,2017
2016,0.12,0.154,0.157,0.119,0.096,2017
2016,0.14,0.154,0.157,0.125,0.096,2017
2016,0.16,0.154,0.157,0.127,0.096,2017
2016,0.18,0.154,0.157,0.135,0.096,2017
1990,0.1,0.07,0.075,0.061,0.056,2018
1990,0.12,0.07,0.075,0.065,0.056,2018
1990,0.14,0.07,0.075,0.068,0.056,2018
1990,0.16,0.07,0.075,0.069,0.056,2018
1990,0.18,0.07,0.075,0.066,0.056,2018
1991,0.1,0.075,0.081,0.069,0.059,2018
1991,0.12,0.075,0.081,0.07,0.059,2018
1991,0.14,0.075,0.081,0.074,0.059,2018
1991,0.16,0.075,0.081,0.074,0.059,2018
1991,0.18,0.075,0.081,0.074,0.059,2018
1992,0.1,0.069,0.075,0.06,0.055,2018
1992,0.12,0.069,0.075,0.066,0.055,2018
1992,0.14,0.069,0.075,0.067,0.055,2018
1992,0.16,0.069,0.075,0.07,0.055,2018
1992,0.18,0.069,0.075,0.07,0.055,2018
1993,0.1,0.07,0.076,0.064,0.056,2018
1993,0.12,0.07,0.076,0.065,0.056,2018
1993,0.14,0.07,0.076,0.069,0.056,2018
1993,0.16,0.07,0.076,0.072,0.056,2018
1993,0.18,0.07,0.076,0.066,0.056,2018
1994,0.1,0.07,0.076,0.061,0.055,2018
1994,0.12,0.07,0.076,0.066,0.055,2018
1994,0.14,0.07,0.076,0.067,0.055,2018
1994,0.16,0.07,0.076,0.067,0.055,2018
1994,0.18,0.07,0.076,0.069,0.055,2018
1995,0.1,0.073,0.08,0.064,0.058,2018
1995,0.12,0.073,0.08,0.068,0.058,2018
1995,0.14,0.073,0.08,0.072,0.058,2018
1995,0.16,0.073,0.08,0.072,0.058,2018
1995,0.18,0.073,0.08,0.072,0.058,2018
1996,0.1,0.063,0.07,0.054,0.05,2018
1996,0.12,0.063,0.07,0.058,0.05,2018
1996,0.14,0.063,0.07,0.061,0.05,2018
1996,0.16,0.063,0.07,0.061,0.05,2018
1996,0.18,0.063,0.07,0.065,0.05,2018
1997,0.1,0.057,0.065,0.048,0.047,2018
1997,0.12,0.057,0.065,0.055,0.047,2018
1997,0.14,0.057,0.065,0.056,0.047,2018
1997,0.16,0.057,0.065,0.057,0.047,2018
1997,0.18,0.057,0.065,0.056,0.047,2018
1998,0.1,0.046,0.054,0.038,0.037,2018
1998,0.12,0.046,0.054,0.042,0.037,2018
1998,0.14,0.046,0.054,0.046,0.037,2018
1998,0.16,0.046,0.054,0.044,0.037,2018
1998,0.18,0.046,0.054,0.048,0.037,2018
1999,0.1,0.036,0.044,0.032,0.033,2018
1999,0.12,0.036,0.044,0.033,0.033,2018
1999,0.14,0.036,0.044,0.035,0.033,2018
1999,0.16,0.036,0.044,0.04,0.033,2018
1999,0.18,0.036,0.044,0.035,0.033,2018
2000,0.1,0.029,0.038,0.026,0.029,2018
2000,0.12,0.029,0.038,0.03,0.029,2018
2000,0.14,0.029,0.038,0.032,0.029,2018
2000,0.16,0.029,0.038,0.029,0.029,2018
2000,0.18,0.029,0.038,0.029,0.029,2018
2001,0.1,0.038,0.047,0.03,0.032,2018
2001,0.12,0.038,0.047,0.036,0.032,2018
2001,0.14,0.038,0.047,0.037,0.032,2018
2001,0.16,0.038,0.047,0.034,0.032,2018
2001,0.18,0.038,0.047,0.038,0.032,2018
2002,0.1,0.047,0.056,0.037,0.038,2018
2002,0.12,0.047,0.056,0.049,0.038,2018
2002,0.14,0.047,0.056,0.043,0.038,2018
2002,0.16,0.047,0.056,0.045,0.038,2018
2002,0.18,0.047,0.056,0.046,0.038,2018
2003,0.1,0.065,0.076,0.052,0.049,2018
2003,0.12,0.065,0.076,0.055,0.049,2018
2003,0.14,0.065,0.076,0.06,0.049,2018
2003,0.16,0.065,0.076,0.061,0.049,2018
2003,0.18,0.065,0.076,0.066,0.049,2018
2004,0.1,0.056,0.067,0.044,0.042,2018
2004,0.12,0.056,0.067,0.051,0.042,2018
2004,0.14,0.056,0.067,0.053,0.042,2018
2004,0.16,0.056,0.067,0.053,0.042,2018
2004,0.18,0.056,0.067,0.057,0.042,2018
2005,0.1,0.054,0.066,0.045,0.042,2018
2005,0.12,0.054,0.066,0.047,0.042,2018
2005,0.14,0.054,0.066,0.051,0.042,2018
2005,0.16,0.054,0.066,0.053,0.042,2018
2005,0.18,0.054,0.066,0.05,0.042,2018
2006,0.1,0.054,0.066,0.045,0.041,2018
2006,0.12,0.054,0.066,0.056,0.041,2018
2006,0.14,0.054,0.066,0.053,0.041,2018
2006,0.16,0.054,0.066,0.051,0.041,2018
2006,0.18,0.054,0.066,0.057,0.041,2018
2007,0.1,0.049,0.062,0.041,0.038,2018
2007,0.12,0.049,0.062,0.051,0.038,2018
2007,0.14,0.049,0.062,0.045,0.038,2018
2007,0.16,0.049,0.062,0.047,0.038,2018
2007,0.18,0.049,0.062,0.045,0.038,2018
2008,0.1,0.051,0.066,0.044,0.039,2018
2008,0.12,0.051,0.066,0.046,0.039,2018
2008,0.14,0.051,0.066,0.053,0.039,2018
2008,0.16,0.051,0.066,0.051,0.039,2018
2008,0.18,0.051,0.066,0.051,0.039,2018
2009,0.1,0.104,0.121,0.076,0.068,2018
2009,0.12,0.104,0.121,0.084,0.068,2018
2009,0.14,0.104,0.121,0.088,0.068,2018
2009,0.16,0.104,0.121,0.09,0.068,2018
2009,0.18,0.104,0.121,0.092,0.068,2018
2010,0.1,0.092,0.111,0.076,0.061,2018
2010,0.12,0.092,0.111,0.075,0.061,2018
2010,0.14,0.092,0.111,0.08,0.061,2018
2010,0.16,0.092,0.111,0.083,0.061,2018
2010,0.18,0.092,0.111,0.085,0.061,2018
2011,0.1,0.089,0.11,0.067,0.058,2018
2011,0.12,0.089,0.11,0.071,0.058,2018
2011,0.14,0.089,0.11,0.074,0.058,2018
2011,0.16,0.089,0.11,0.079,0.058,2018
2011,0.18,0.089,0.11,0.079,0.058,2018
2012,0.1,0.101,0.126,0.075,0.066,2018
2012,0.12,0.101,0.126,0.079,0.066,2018
2012,0.14,0.101,0.126,0.086,0.066,2018
2012,0.16,0.101,0.126,0.09,0.066,2018
2012,0.18,0.101,0.126,0.09,0.066,2018
2013,0.1,0.094,0.123,0.073,0.062,2018
2013,0.12,0.094,0.123,0.076,0.062,2018
2013,0.14,0.094,0.123,0.079,0.062,2018
2013,0.16,0.094,0.123,0.084,0.062,2018
2013,0.18,0.094,0.123,0.086,0.062,2018
2014,0.1,0.065,0.099,0.053,0.046,2018
2014,0.12,0.065,0.099,0.049,0.046,2018
2014,0.14,0.065,0.099,0.053,0.046,2018
2014,0.16,0.065,0.099,0.056,0.046,2018
2014,0.18,0.065,0.099,0.056,0.046,2018
2015,0.1,0.051,0.092,0.026,0.037,2018
2015,0.12,0.051,0.092,0.032,0.037,2018
2015,0.14,0.051,0.092,0.037,0.037,2018
2015,0.16,0.051,0.092,0.04,0.037,2018
2015,0.18,0.051,0.092,0.04,0.037,2018
2016,0.1,0.076,0.134,0.059,0.05,2018
2016,0.12,0.076,0.134,0.047,0.05,2018
2016,0.14,0.076,0.134,0.061,0.05,2018
2016,0.16,0.076,0.134,0.059,0.05,2018
2016,0.18,0.076,0.134,0.062,0.05,2018
2017,0.1,0.054,0.14,0.024,0.036,2018
2017,0.12,0.054,0.14,0.025,0.036,2018
2017,0.14,0.054,0.14,0.037,0.036,2018
2017,0.16,0.054,0.14,0.043,0.036,2018
2017,0.18,0.054,0.14,0.043,0.036,2018
1990,0.1,0.076,0.076,0.069,0.06,2019
1990,0.12,0.076,0.076,0.072,0.06,2019
1990,0.14,0.076,0.076,0.075,0.06,2019
1990,0.16,0.076,0.076,0.075,0.06,2019
1990,0.18,0.076,0.076,0.073,0.06,2019
1991,0.1,0.082,0.082,0.075,0.063,2019
1991,0.12,0.082,0.082,0.077,0.063,2019
1991,0.14,0.082,0.082,0.08,0.063,2019
1991,0.16,0.082,0.082,0.08,0.063,2019
1991,0.18,0.082,0.082,0.081,0.063,2019
1992,0.1,0.076,0.076,0.067,0.059,2019
1992,0.12,0.076,0.076,0.072,0.059,2019
1992,0.14,0.076,0.076,0.074,0.059,2019
1992,0.16,0.076,0.076,0.076,0.059,2019
1992,0.18,0.076,0.076,0.076,0.059,2019
1993,0.1,0.077,0.077,0.07,0.06,2019
1993,0.12,0.077,0.077,0.072,0.06,2019
1993,0.14,0.077,0.077,0.076,0.06,2019
1993,0.16,0.077,0.077,0.078,0.06,2019
1993,0.18,0.077,0.077,0.073,0.06,2019
1994,0.1,0.077,0.077,0.069,0.06,2019
1994,0.12,0.077,0.077,0.073,0.06,2019
1994,0.14,0.077,0.077,0.074,0.06,2019
1994,0.16,0.077,0.077,0.075,0.06,2019
1994,0.18,0.077,0.077,0.076,0.06,2019
1995,0.1,0.081,0.081,0.072,0.062,2019
1995,0.12,0.081,0.081,0.076,0.062,2019
1995,0.14,0.081,0.081,0.079,0.062,2019
1995,0.16,0.081,0.081,0.08,0.062,2019
1995,0.18,0.081,0.081,0.08,0.062,2019
1996,0.1,0.071,0.071,0.062,0.056,2019
1996,0.12,0.071,0.071,0.067,0.056,2019
1996,0.14,0.071,0.071,0.069,0.056,2019
1996,0.16,0.071,0.071,0.07,0.056,2019
1996,0.18,0.071,0.071,0.073,0.056,2019
1997,0.1,0.066,0.066,0.057,0.052,2019
1997,0.12,0.066,0.066,0.063,0.052,2019
1997,0.14,0.066,0.066,0.065,0.052,2019
1997,0.16,0.066,0.066,0.066,0.052,2019
1997,0.18,0.066,0.066,0.065,0.052,2019
1998,0.1,0.056,0.056,0.048,0.043,2019
1998,0.12,0.056,0.056,0.052,0.043,2019
1998,0.14,0.056,0.056,0.055,0.043,2019
1998,0.16,0.056,0.056,0.054,0.043,2019
1998,0.18,0.056,0.056,0.057,0.043,2019
1999,0.1,0.047,0.047,0.041,0.039,2019
1999,0.12,0.047,0.047,0.044,0.039,2019
1999,0.14,0.047,0.047,0.045,0.039,2019
1999,0.16,0.047,0.047,0.049,0.039,2019
1999,0.18,0.047,0.047,0.046,0.039,2019
2000,0.1,0.041,0.041,0.036,0.037,2019
2000,0.12,0.041,0.041,0.04,0.037,2019
2000,0.14,0.041,0.041,0.042,0.037,2019
2000,0.16,0.041,0.041,0.04,0.037,2019
2000,0.18,0.041,0.041,0.04,0.037,2019
2001,0.1,0.05,0.05,0.042,0.039,2019
2001,0.12,0.05,0.05,0.046,0.039,2019
2001,0.14,0.05,0.05,0.048,0.039,2019
2001,0.16,0.05,0.05,0.047,0.039,2019
2001,0.18,0.05,0.05,0.049,0.039,2019
2002,0.1,0.059,0.059,0.05,0.046,2019
2002,0.12,0.059,0.059,0.058,0.046,2019
2002,0.14,0.059,0.059,0.055,0.046,2019
2002,0.16,0.059,0.059,0.057,0.046,2019
2002,0.18,0.059,0.059,0.058,0.046,2019
2003,0.1,0.077,0.078,0.065,0.056,2019
2003,0.12,0.077,0.078,0.069,0.056,2019
2003,0.14,0.077,0.078,0.072,0.056,2019
2003,0.16,0.077,0.078,0.073,0.056,2019
2003,0.18,0.077,0.078,0.077,0.056,2019
2004,0.1,0.069,0.069,0.059,0.051,2019
2004,0.12,0.069,0.069,0.063,0.051,2019
2004,0.14,0.069,0.069,0.066,0.051,2019
2004,0.16,0.069,0.069,0.067,0.051,2019
2004,0.18,0.069,0.069,0.069,0.051,2019
2005,0.1,0.068,0.068,0.056,0.051,2019
2005,0.12,0.068,0.068,0.061,0.051,2019
2005,0.14,0.068,0.068,0.065,0.051,2019
2005,0.16,0.068,0.068,0.066,0.051,2019
2005,0.18,0.068,0.068,0.065,0.051,2019
2006,0.1,0.069,0.069,0.059,0.05,2019
2006,0.12,0.069,0.069,0.068,0.05,2019
2006,0.14,0.069,0.069,0.067,0.05,2019
2006,0.16,0.069,0.069,0.067,0.05,2019
2006,0.18,0.069,0.069,0.07,0.05,2019
2007,0.1,0.065,0.066,0.056,0.049,2019
2007,0.12,0.065,0.066,0.065,0.049,2019
2007,0.14,0.065,0.066,0.061,0.049,2019
2007,0.16,0.065,0.066,0.063,0.049,2019
2007,0.18,0.065,0.066,0.062,0.049,2019
2008,0.1,0.069,0.069,0.057,0.051,2019
2008,0.12,0.069,0.069,0.063,0.051,2019
2008,0.14,0.069,0.069,0.069,0.051,2019
2008,0.16,0.069,0.069,0.069,0.051,2019
2008,0.18,0.069,0.069,0.068,0.051,2019
2009,0.1,0.12,0.12,0.093,0.078,2019
2009,0.12,0.12,0.12,0.102,0.078,2019
2009,0.14,0.12,0.12,0.106,0.078,2019
2009,0.16,0.12,0.12,0.108,0.078,2019
2009,0.18,0.12,0.12,0.111,0.078,2019
2010,0.1,0.111,0.111,0.09,0.072,2019
2010,0.12,0.111,0.111,0.096,0.072,2019
2010,0.14,0.111,0.111,0.099,0.072,2019
2010,0.16,0.111,0.111,0.102,0.072,2019
2010,0.18,0.111,0.111,0.103,0.072,2019
2011,0.1,0.109,0.11,0.09,0.072,2019
2011,0.12,0.109,0.11,0.094,0.072,2019
2011,0.14,0.109,0.11,0.097,0.072,2019
2011,0.16,0.109,0.11,0.101,0.072,2019
2011,0.18,0.109,0.11,0.103,0.072,2019
2012,0.1,0.123,0.123,0.101,0.081,2019
2012,0.12,0.123,0.123,0.105,0.081,2019
2012,0.14,0.123,0.123,0.11,0.081,2019
2012,0.16,0.123,0.123,0.113,0.081,2019
2012,0.18,0.123,0.123,0.115,0.081,2019
2013,0.1,0.12,0.12,0.098,0.079,2019
2013,0.12,0.12,0.12,0.102,0.079,2019
2013,0.14,0.12,0.12,0.107,0.079,2019
2013,0.16,0.12,0.12,0.111,0.079,2019
2013,0.18,0.12,0.12,0.113,0.079,2019
2014,0.1,0.099,0.1,0.077,0.066,2019
2014,0.12,0.099,0.1,0.082,0.066,2019
2014,0.14,0.099,0.1,0.088,0.066,2019
2014,0.16,0.099,0.1,0.09,0.066,2019
2014,0.18,0.099,0.1,0.093,0.066,2019
2015,0.1,0.094,0.095,0.073,0.066,2019
2015,0.12,0.094,0.095,0.075,0.066,2019
2015,0.14,0.094,0.095,0.082,0.066,2019
2015,0.16,0.094,0.095,0.084,0.066,2019
2015,0.18,0.094,0.095,0.088,0.066,2019
2016,0.1,0.126,0.127,0.094,0.084,2019
2016,0.12,0.126,0.127,0.102,0.084,2019
2016,0.14,0.126,0.127,0.111,0.084,2019
2016,0.16,0.126,0.127,0.111,0.084,2019
2016,0.18,0.126,0.127,0.114,0.084,2019
2017,0.1,0.127,0.128,0.099,0.083,2019
2017,0.12,0.127,0.128,0.102,0.083,2019
2017,0.14,0.127,0.128,0.116,0.083,2019
2017,0.16,0.127,0.128,0.113,0.083,2019
2017,0.18,0.127,0.128,0.117,0.083,2019
2018,0.1,0.095,0.097,0.064,0.062,2019
2018,0.12,0.095,0.097,0.075,0.062,2019
2018,0.14,0.095,0.097,0.08,0.062,2019
2018,0.16,0.095,0.097,0.082,0.062,2019
2018,0.18,0.095,0.097,0.085,0.062,2019
1990,0.1,0.075,0.077,0.069,0.058,2020
1990,0.12,0.075,0.077,0.07,0.058,2020
1990,0.14,0.075,0.077,0.073,0.058,2020
1990,0.16,0.075,0.077,0.073,0.058,2020
1990,0.18,0.075,0.077,0.071,0.058,2020
1991,0.1,0.08,0.082,0.073,0.062,2020
1991,0.12,0.08,0.082,0.075,0.062,2020
1991,0.14,0.08,0.082,0.078,0.062,2020
1991,0.16,0.08,0.082,0.078,0.062,2020
1991,0.18,0.08,0.082,0.079,0.062,2020
1992,0.1,0.074,0.076,0.065,0.057,2020
1992,0.12,0.074,0.076,0.07,0.057,2020
1992,0.14,0.074,0.076,0.072,0.057,2020
1992,0.16,0.074,0.076,0.075,0.057,2020
1992,0.18,0.074,0.076,0.074,0.057,2020
1993,0.1,0.075,0.077,0.068,0.058,2020
1993,0.12,0.075,0.077,0.073,0.058,2020
1993,0.14,0.075,0.077,0.074,0.058,2020
1993,0.16,0.075,0.077,0.076,0.058,2020
1993,0.18,0.075,0.077,0.072,0.058,2020
1994,0.1,0.075,0.078,0.066,0.058,2020
1994,0.12,0.075,0.078,0.072,0.058,2020
1994,0.14,0.075,0.078,0.072,0.058,2020
1994,0.16,0.075,0.078,0.072,0.058,2020
1994,0.18,0.075,0.078,0.074,0.058,2020
1995,0.1,0.079,0.081,0.07,0.061,2020
1995,0.12,0.079,0.081,0.074,0.061,2020
1995,0.14,0.079,0.081,0.076,0.061,2020
1995,0.16,0.079,0.081,0.077,0.061,2020
1995,0.18,0.079,0.081,0.077,0.061,2020
1996,0.1,0.069,0.072,0.06,0.054,2020
1996,0.12,0.069,0.072,0.067,0.054,2020
1996,0.14,0.069,0.072,0.067,0.054,2020
1996,0.16,0.069,0.072,0.067,0.054,2020
1996,0.18,0.069,0.072,0.07,0.054,2020
1997,0.1,0.064,0.067,0.055,0.05,2020
1997,0.12,0.064,0.067,0.061,0.05,2020
1997,0.14,0.064,0.067,0.063,0.05,2020
1997,0.16,0.064,0.067,0.064,0.05,2020
1997,0.18,0.064,0.067,0.063,0.05,2020
1998,0.1,0.054,0.057,0.047,0.042,2020
1998,0.12,0.054,0.057,0.053,0.042,2020
1998,0.14,0.054,0.057,0.053,0.042,2020
1998,0.16,0.054,0.057,0.051,0.042,2020
1998,0.18,0.054,0.057,0.055,0.042,2020
1999,0.1,0.045,0.048,0.04,0.038,2020
1999,0.12,0.045,0.048,0.042,0.038,2020
1999,0.14,0.045,0.048,0.043,0.038,2020
1999,0.16,0.045,0.048,0.047,0.038,2020
1999,0.18,0.045,0.048,0.044,0.038,2020
2000,0.1,0.039,0.042,0.034,0.035,2020
2000,0.12,0.039,0.042,0.038,0.035,2020
2000,0.14,0.039,0.042,0.041,0.035,2020
2000,0.16,0.039,0.042,0.038,0.035,2020
2000,0.18,0.039,0.042,0.038,0.035,2020
2001,0.1,0.048,0.051,0.041,0.038,2020
2001,0.12,0.048,0.051,0.045,0.038,2020
2001,0.14,0.048,0.051,0.045,0.038,2020
2001,0.16,0.048,0.051,0.044,0.038,2020
2001,0.18,0.048,0.051,0.047,0.038,2020
2002,0.1,0.056,0.06,0.049,0.044,2020
2002,0.12,0.056,0.06,0.059,0.044,2020
2002,0.14,0.056,0.06,0.053,0.044,2020
2002,0.16,0.056,0.06,0.054,0.044,2020
2002,0.18,0.056,0.06,0.055,0.044,2020
2003,0.1,0.074,0.078,0.06,0.054,2020
2003,0.12,0.074,0.078,0.069,0.054,2020
2003,0.14,0.074,0.078,0.069,0.054,2020
2003,0.16,0.074,0.078,0.07,0.054,2020
2003,0.18,0.074,0.078,0.074,0.054,2020
2004,0.1,0.066,0.07,0.059,0.049,2020
2004,0.12,0.066,0.07,0.061,0.049,2020
2004,0.14,0.066,0.07,0.062,0.049,2020
2004,0.16,0.066,0.07,0.062,0.049,2020
2004,0.18,0.066,0.07,0.066,0.049,2020
2005,0.1,0.065,0.069,0.053,0.049,2020
2005,0.12,0.065,0.069,0.059,0.049,2020
2005,0.14,0.065,0.069,0.062,0.049,2020
2005,0.16,0.065,0.069,0.063,0.049,2020
2005,0.18,0.065,0.069,0.062,0.049,2020
2006,0.1,0.066,0.07,0.055,0.048,2020
2006,0.12,0.066,0.07,0.064,0.048,2020
2006,0.14,0.066,0.07,0.062,0.048,2020
2006,0.16,0.066,0.07,0.063,0.048,2020
2006,0.18,0.066,0.07,0.067,0.048,2020
2007,0.1,0.062,0.066,0.052,0.046,2020
2007,0.12,0.062,0.066,0.06,0.046,2020
2007,0.14,0.062,0.066,0.056,0.046,2020
2007,0.16,0.062,0.066,0.06,0.046,2020
2007,0.18,0.062,0.066,0.059,0.046,2020
2008,0.1,0.065,0.07,0.053,0.048,2020
2008,0.12,0.065,0.07,0.064,0.048,2020
2008,0.14,0.065,0.07,0.063,0.048,2020
2008,0.16,0.065,0.07,0.064,0.048,2020
2008,0.18,0.065,0.07,0.064,0.048,2020
2009,0.1,0.113,0.118,0.087,0.074,2020
2009,0.12,0.113,0.118,0.097,0.074,2020
2009,0.14,0.113,0.118,0.107,0.074,2020
2009,0.16,0.113,0.118,0.102,0.074,2020
2009,0.18,0.113,0.118,0.103,0.074,2020
2010,0.1,0.104,0.11,0.084,0.068,2020
2010,0.12,0.104,0.11,0.089,0.068,2020
2010,0.14,0.104,0.11,0.093,0.068,2020
2010,0.16,0.104,0.11,0.096,0.068,2020
2010,0.18,0.104,0.11,0.097,0.068,2020
2011,0.1,0.102,0.108,0.079,0.067,2020
2011,0.12,0.102,0.108,0.087,0.067,2020
2011,0.14,0.102,0.108,0.09,0.067,2020
2011,0.16,0.102,0.108,0.094,0.067,2020
2011,0.18,0.102,0.108,0.094,0.067,2020
2012,0.1,0.114,0.121,0.099,0.075,2020
2012,0.12,0.114,0.121,0.096,0.075,2020
2012,0.14,0.114,0.121,0.102,0.075,2020
2012,0.16,0.114,0.121,0.104,0.075,2020
2012,0.18,0.114,0.121,0.104,0.075,2020
2013,0.1,0.109,0.118,0.088,0.072,2020
2013,0.12,0.109,0.118,0.096,0.072,2020
2013,0.14,0.109,0.118,0.098,0.072,2020
2013,0.16,0.109,0.118,0.101,0.072,2020
2013,0.18,0.109,0.118,0.103,0.072,2020
2014,0.1,0.089,0.099,0.069,0.059,2020
2014,0.12,0.089,0.099,0.076,0.059,2020
2014,0.14,0.089,0.099,0.079,0.059,2020
2014,0.16,0.089,0.099,0.081,0.059,2020
2014,0.18,0.089,0.099,0.083,0.059,2020
2015,0.1,0.083,0.094,0.072,0.066,2020
2015,0.12,0.083,0.094,0.068,0.066,2020
2015,0.14,0.083,0.094,0.072,0.066,2020
2015,0.16,0.083,0.094,0.074,0.066,2020
2015,0.18,0.083,0.094,0.074,0.066,2020
2016,0.1,0.108,0.122,0.079,0.073,2020
2016,0.12,0.108,0.122,0.087,0.073,2020
2016,0.14,0.108,0.122,0.09,0.073,2020
2016,0.16,0.108,0.122,0.095,0.073,2020
2016,0.18,0.108,0.122,0.097,0.073,2020
2017,0.1,0.104,0.122,0.093,0.068,2020
2017,0.12,0.104,0.122,0.083,0.068,2020
2017,0.14,0.104,0.122,0.088,0.068,2020
2017,0.16,0.104,0.122,0.092,0.068,2020
2017,0.18,0.104,0.122,0.095,0.068,2020
2018,0.1,0.07,0.094,0.044,0.046,2020
2018,0.12,0.07,0.094,0.078,0.046,2020
2018,0.14,0.07,0.094,0.058,0.046,2020
2018,0.16,0.07,0.094,0.06,0.046,2020
2018,0.18,0.07,0.094,0.062,0.046,2020
2019,0.1,0.171,0.216,0.103,0.119,2020
2019,0.12,0.171,0.216,0.107,0.119,2020
2019,0.14,0.171,0.216,0.115,0.119,2020
2019,0.16,0.171,0.216,0.124,0.119,2020
2019,0.18,0.171,0.216,0.128,0.119,2020
