symbol,yyyymmdd_underlying,yyyymmdd_option
CLX19,20191022,20191017
CLZ19,20191120,20191115
CLF20,20191219,20191216
CLG20,20200121,20200115
CLH20,20200220,20200214
CLJ20,20200320,20200317
CLK20,20200421,20200416
CLM20,20200519,20200514
CLN20,20200622,20200617
CLQ20,20200721,20200716
CLU20,20200820,20200817
CLV20,20200922,20200917
CLX20,20201020,20201015
CLZ20,20201120,20201117
CLF21,20201221,20201216
CLG21,20210120,20210114
CLH21,20210222,20210217
CLJ21,20210322,20210317
CLK21,20210420,20210415
CLM21,20210520,20210517
CLN21,20210622,20210617
CLQ21,20210720,20210715
CLU21,20210820,20210817
CLV21,20210921,20210916
CLX21,20211020,20211015
CLZ21,20211119,20211116
CLF22,20211220,20211215
CLG22,20220120,20220114
CLH22,20220222,20220216
CLJ22,20220322,20220317
CLK22,20220420,20220414
CLM22,20220520,20220517
CLN22,20220621,20220616
CLQ22,20220720,20220715
CLU22,20220822,20220817
CLV22,20220920,20220915
CLX22,20221020,20221017
CLZ22,20221121,20221116
CLF23,20221220,20221215
CLG23,20230120,20230117
CLH23,20230221,20230215
CLJ23,20230321,20230316
CLK23,20230420,20230417
CLM23,20230522,20230517
CLN23,20230620,20230615
CLQ23,20230720,20230717
CLU23,20230822,20230817
CLV23,20230920,20230915
CLX23,20231020,20231017
CLZ23,20231120,20231115
CLF24,20231219,20231214
CLG24,20240122,20240117
CLH24,20240220,20240214
CLJ24,20240320,20240315
CLK24,20240422,20240417
CLM24,20240521,20240516
CLN24,20240620,20240617
CLQ24,20240722,20240717
CLU24,20240820,20240815
CLV24,20240920,20240917
CLX24,20241022,20241017
CLZ24,20241120,20241115
CLF25,20241219,20241216
CLG25,20250121,20250115
CLH25,20250220,20250214
CLJ25,20250320,20250317
CLK25,20250422,20250416
CLM25,20250520,20250515
CLN25,20250620,20250617
CLQ25,20250722,20250717
CLU25,20250820,20250815
CLV25,20250922,20250917
CLX25,20251021,20251016
CLZ25,20251120,20251117
CLF26,20251219,20251216
CLG26,20260120,20260114
CLH26,20260220,20260217
CLJ26,20260320,20260317
CLK26,20260421,20260416
CLM26,20260519,20260514
CLN26,20260622,20260617
CLQ26,20260721,20260716
CLU26,20260820,20260817
CLV26,20260922,20260917
CLX26,20261020,20261015
CLZ26,20261120,20261117
CLF27,20261221,20261216
CLG27,20270120,20270114
CLH27,20270222,20270217
CLJ27,20270322,20270317
CLK27,20270420,20270415
CLM27,20270520,20270517
CLN27,20270622,20270617
CLQ27,20270720,20270715
CLU27,20270820,20270817
CLV27,20270921,20270916
CLX27,20271020,20271015
CLZ27,20271119,20271116
CLF28,20271220,20271215
CLG28,20280120,20280114
CLH28,20280222,20280216
CLJ28,20280321,20280316
CLK28,20280420,20280417
CLM28,20280522,20280517
CLN28,20280620,20280615
CLQ28,20280720,20280717
CLU28,20280822,20280817
CLV28,20280920,20280915
CLX28,20281020,20281017
CLZ28,20281120,20281115
CLF29,20281219,20281214
CLG29,20290122,20290117
CLH29,20290220,20290214
CLJ29,20290320,20290315
CLK29,20290420,20290417
CLM29,20290522,20290517
CLN29,20290620,20290615
CLQ29,20290720,20290717
CLU29,20290821,20290816
CLV29,20290920,20290917
CLX29,20291022,20291017
CLZ29,20291119,20291114
CLF30,20291219,20291214
CLG30,20300122,20300116
CBZ19,20191031,20191028
CBF20,20191129,20191126
CBG20,20191230,20191223
CBH20,20200131,20200128
CBJ20,20200228,20200225
CBK20,20200331,20200326
CBM20,20200430,20200427
CBN20,20200529,20200526
CBQ20,20200630,20200625
CBU20,20200731,20200728
CBV20,20200828,20200825
CBX20,20200930,20200925
CBZ20,20201030,20201027
CBF21,20201130,20201125
CBG21,20201230,20201223
CBH21,20210129,20210126
CBJ21,20210226,20210223
CBK21,20210331,20210326
CBM21,20210430,20210427
CBN21,20210528,20210525
CBQ21,20210630,20210625
CBU21,20210730,20210727
CBV21,20210831,20210825
CBX21,20210930,20210927
CBZ21,20211029,20211026
CBF22,20211130,20211125
CBG22,20211230,20211223
CBH22,20220131,20220126
CBJ22,20220228,20220223
CBK22,20220331,20220328
CBM22,20220429,20220426
CBN22,20220531,20220525
CBQ22,20220630,20220627
CBU22,20220729,20220726
CBV22,20220831,20220825
CBX22,20220930,20220927
CBZ22,20221031,20221026
CBF23,20221130,20221125
CBG23,20221229,20221222
CBH23,20230131,20230126
CBJ23,20230228,20230223
CBK23,20230331,20230328
CBM23,20230428,20230425
CBN23,20230531,20230525
CBQ23,20230630,20230627
CBU23,20230731,20230726
CBV23,20230831,20230825
CBX23,20230929,20230926
CBZ23,20231031,20231026
CBF24,20231130,20231127
CBG24,20231228,20231221
CBH24,20240131,20240126
CBJ24,20240229,20240226
CBK24,20240328,20240325
CBM24,20240430,20240425
CBN24,20240531,20240528
CBQ24,20240628,20240625
CBU24,20240731,20240726
CBV24,20240830,20240827
CBX24,20240930,20240925
CBZ24,20241031,20241028
CBF25,20241129,20241126
CBG25,20241230,20241223
CBH25,20250131,20250128
CBJ25,20250228,20250225
CBK25,20250331,20250326
CBM25,20250430,20250425
CBN25,20250530,20250527
CBQ25,20250630,20250625
CBU25,20250731,20250728
CBV25,20250829,20250826
CBX25,20250930,20250925
CBZ25,20251031,20251028
CBF26,20251128,20251125
CBG26,20251230,20251223
CBH26,20260130,20260127
CBJ26,20260227,20260224
CBK26,20260331,20260326
CBM26,20260430,20260427
CBN26,20260529,20260526
CBQ26,20260630,20260625
CBU26,20260731,20260728
CBV26,20260828,20260825
CBX26,20260930,20260925
CBZ26,20261030,20261027
CBF27,20261130,20261125
CBG27,20261230,20261223
CBH27,20270129,20270126
ESZ19,20191220,20191220
ESH20,20200320,20200320
ESM20,20200619,20200619
ESU20,20200918,20200918
ESZ20,20201218,20201218
ESH21,20210319,20210319